event_id,particle_name,pid,x,y,z,energy,theta_prim,phi_prim,energy_prim
99,e-,2,537.21921875,80.0059619140625,89157.98,0.0035579427067698,30.0,-11.162722,100000.0
99,e+,3,175.00970703125,-66.01423828125,89658.19,0.023780329255367563,30.0,-11.162722,100000.0
99,e-,2,174.97310546875,-67.3171826171875,89658.875,0.0335239405061429,30.0,-11.162722,100000.0
99,e+,3,71.65525390625,-100.715703125,89842.055,0.004868660642668775,30.0,-11.162722,100000.0
99,e+,3,170.24095703125,31.42286376953125,89667.36,0.034861725599612495,30.0,-11.162722,100000.0
99,e+,3,166.74552734375,-133.18580078125,89713.3,0.008734169901352524,30.0,-11.162722,100000.0
99,e-,2,0.4397658157348633,-56.3455517578125,89932.36,0.029200753669354786,30.0,-11.162722,100000.0
99,e+,3,-66.54455078125,-27.468876953125,90031.95,0.08735357831700492,30.0,-11.162722,100000.0
99,e+,3,-46.8018115234375,-48.3935693359375,90010.95,0.01644477168429831,30.0,-11.162722,100000.0
99,e-,2,-44.053125,-41.2942626953125,90000.266,0.05056212576350442,30.0,-11.162722,100000.0
99,e+,3,-55.2438427734375,-43.9402587890625,90038.914,0.002694911800548729,30.0,-11.162722,100000.0
99,e-,2,-42.07291015625,-44.2427099609375,89997.266,0.3177545170378355,30.0,-11.162722,100000.0
99,e-,2,-71.7910546875,-87.541357421875,90092.32,0.03221293944817181,30.0,-11.162722,100000.0
99,e-,2,-56.4018212890625,-7.642587890625,90018.08,0.01569145582184116,30.0,-11.162722,100000.0
99,e+,3,-24.30187255859375,-31.76835205078125,89965.445,0.07243317304713846,30.0,-11.162722,100000.0
99,e+,3,-46.034736328125,-10.310665283203125,89989.96,0.02732967627812218,30.0,-11.162722,100000.0
99,e-,2,-47.0833837890625,-10.955433349609375,89991.64,0.08901279664759357,30.0,-11.162722,100000.0
99,e+,3,-35.25556884765625,0.7554531860351562,89974.34,0.01818754937697972,30.0,-11.162722,100000.0
99,e-,2,-39.6835546875,-3.7301211547851563,89978.29,0.024036317510142402,30.0,-11.162722,100000.0
99,e+,3,-255.19294921875,39.10165283203125,90372.93,0.014006986298220935,30.0,-11.162722,100000.0
99,e+,3,-80.5809130859375,-16.01432861328125,90052.82,0.13952529466496394,30.0,-11.162722,100000.0
99,e+,3,-46.8689404296875,-6.816092529296875,89999.69,0.002227443002824307,30.0,-11.162722,100000.0
99,e-,2,-48.5883740234375,-7.098682250976562,89998.195,0.008198496928371624,30.0,-11.162722,100000.0
99,e+,3,-32.740478515625,-3.425908203125,89966.33,0.17490348707398126,30.0,-11.162722,100000.0
99,e+,3,-51.7105517578125,-12.5496240234375,90000.016,0.31802691595269167,30.0,-11.162722,100000.0
99,e-,2,-48.8778271484375,-11.234705810546876,89994.734,0.8522978607663418,30.0,-11.162722,100000.0
99,e-,2,-25.75666748046875,61.38177734375,89970.71,0.013102537885188788,30.0,-11.162722,100000.0
99,e+,3,-63.6815771484375,-9.375733032226563,90030.94,0.00963592502563351,30.0,-11.162722,100000.0
99,e-,2,-28.78220458984375,-8.36975830078125,89962.54,0.05439397969522758,30.0,-11.162722,100000.0
99,e+,3,1032.205625,-885.20515625,91425.56,0.04802001495088179,30.0,-11.162722,100000.0
99,e-,2,102.419091796875,-157.80375,89864.62,0.008013105769149407,30.0,-11.162722,100000.0
99,e+,3,99.931630859375,-169.81021484375,89855.21,0.021257992046513668,30.0,-11.162722,100000.0
99,e-,2,159.4641796875,139.3265625,89667.805,0.014806473606833723,30.0,-11.162722,100000.0
99,e+,3,153.07802734375,137.2462890625,89673.555,0.05535953310053528,30.0,-11.162722,100000.0
99,e-,2,142.1341796875,136.5674609375,89689.12,0.09193221483386364,30.0,-11.162722,100000.0
99,e+,3,145.168232421875,135.99203125,89684.5,0.38495027128505005,30.0,-11.162722,100000.0
99,e-,2,617.4268359375,-20.50083740234375,89482.98,0.0018642206105882084,30.0,-11.162722,100000.0
99,e+,3,617.438515625,-20.52296142578125,89482.97,0.0024875032726411742,30.0,-11.162722,100000.0
99,e+,3,760.84,31.11836669921875,89385.62,0.018607995127452773,30.0,-11.162722,100000.0
99,e+,3,755.19921875,28.7332373046875,89381.97,0.043397624266409925,30.0,-11.162722,100000.0
99,e+,3,-113.34302734375,89.50779296875,90135.125,0.019209452834313714,30.0,-11.162722,100000.0
99,e-,2,48.44017578125,79.2382666015625,89831.64,0.013292602808326226,30.0,-11.162722,100000.0
99,e+,3,-2.934559020996094,65.1740869140625,89907.26,0.6152847345823443,30.0,-11.162722,100000.0
99,e-,2,-3.240874938964844,65.1940966796875,89907.766,0.9653212775454094,30.0,-11.162722,100000.0
99,e+,3,246.84962890625,1132.644140625,89863.56,0.012164579700322331,30.0,-11.162722,100000.0
99,e+,3,-42.3374365234375,-437.869140625,90271.82,0.06868055829505255,30.0,-11.162722,100000.0
99,e-,2,-39.72064453125,-434.93625,90264.81,0.04116231861333648,30.0,-11.162722,100000.0
99,e+,3,-580.61984375,-691.5178125,91446.14,0.008928500091367416,30.0,-11.162722,100000.0
99,e-,2,-586.409296875,-682.876640625,91446.3,0.10830196189684875,30.0,-11.162722,100000.0
99,e+,3,-587.5454296875,-682.021875,91447.55,0.2850842943704282,30.0,-11.162722,100000.0
99,e+,3,69.989296875,13.03670654296875,89849.48,0.002737644728514245,30.0,-11.162722,100000.0
99,e-,2,71.1954833984375,9.228356323242188,89850.26,0.006296991996149568,30.0,-11.162722,100000.0
99,e+,3,17.28862548828125,8.929280395507812,89898.31,0.00955194927265557,30.0,-11.162722,100000.0
99,e-,2,-48.794091796875,-15.786163330078125,90004.164,0.005989674981017965,30.0,-11.162722,100000.0
99,e+,3,64.5967822265625,-132.714716796875,89886.914,0.025425057953471726,30.0,-11.162722,100000.0
99,e+,3,-10.015492553710937,3.789239807128906,89925.945,0.0771929084555107,30.0,-11.162722,100000.0
99,e+,3,-8.901787719726563,-15.528057861328126,89932.43,0.005018146203125118,30.0,-11.162722,100000.0
99,e-,2,22.28187255859375,-30.6717578125,89925.125,0.010619973105524934,30.0,-11.162722,100000.0
99,e+,3,3.449554443359375,-1.8753240966796876,89905.87,0.0827372858107868,30.0,-11.162722,100000.0
99,e-,2,-4.017999572753906,-2.9121929931640627,89922.59,0.02081607257957238,30.0,-11.162722,100000.0
99,e+,3,-7.924772338867188,2.412556457519531,89930.41,0.012473362248733456,30.0,-11.162722,100000.0
99,e+,3,10.27922119140625,13.18873291015625,89899.984,0.014243921786016835,30.0,-11.162722,100000.0
99,e-,2,-14.56415771484375,8.865307006835938,89934.11,0.05605737786849057,30.0,-11.162722,100000.0
99,e+,3,33.37087890625,-38.34810302734375,89878.92,0.05860637037275358,30.0,-11.162722,100000.0
99,e-,2,-11.41442138671875,4.664689331054688,89929.586,0.006914978930937073,30.0,-11.162722,100000.0
99,e+,3,-12.573541259765625,3.356815185546875,89930.2,0.09014799289507104,30.0,-11.162722,100000.0
99,e-,2,-3.413868103027344,12.597322998046875,89918.555,0.017664564186991288,30.0,-11.162722,100000.0
99,e+,3,-12.852412109375,13.86210205078125,89930.164,0.019282715352818162,30.0,-11.162722,100000.0
99,e+,3,-20.783583984375,-24.13497314453125,89956.8,0.006067991688313368,30.0,-11.162722,100000.0
99,e+,3,-85.345947265625,-178.13837890625,90151.74,0.008147865673179346,30.0,-11.162722,100000.0
99,e-,2,-84.706962890625,-177.0483984375,90149.33,0.011167829115034934,30.0,-11.162722,100000.0
99,e+,3,126.86314453125,-97.288271484375,89810.45,0.00806224943794949,30.0,-11.162722,100000.0
99,e-,2,-196.646171875,-121.54408203125,90309.74,0.007365854311472351,30.0,-11.162722,100000.0
99,e+,3,-159.249892578125,-77.698623046875,90218.34,0.008334548253588578,30.0,-11.162722,100000.0
99,e+,3,41.1547265625,-35.3145166015625,89862.5,0.17172890218513037,30.0,-11.162722,100000.0
99,e+,3,-65.847802734375,-33.5575048828125,90033.26,0.029179241327931583,30.0,-11.162722,100000.0
99,e+,3,24.83640625,-1.0910110473632812,89873.99,0.006977529194104342,30.0,-11.162722,100000.0
99,e+,3,20.405970458984374,-10.830732421875,89888.69,0.0362799273834129,30.0,-11.162722,100000.0
99,e-,2,-17.306051025390627,6.096370849609375,89939.74,0.006204782839723096,30.0,-11.162722,100000.0
99,e+,3,-15.9115771484375,7.614571533203125,89934.555,0.015085113361365097,30.0,-11.162722,100000.0
99,e-,2,-111.08677734375,18.397655029296875,90100.79,0.11861218490935165,30.0,-11.162722,100000.0
99,e-,2,-17.76808837890625,10.748392333984375,89936.3,0.12654304710345018,30.0,-11.162722,100000.0
99,e+,3,-16.957137451171874,10.102117919921875,89935.07,0.6991700880959857,30.0,-11.162722,100000.0
99,e+,3,-2.091488952636719,-49.43962890625,89935.555,0.021120089726230733,30.0,-11.162722,100000.0
99,e-,2,-2.0902253723144533,-49.4306787109375,89935.54,0.127527090380715,30.0,-11.162722,100000.0
99,e-,2,20.66228515625,-17.81431396484375,89884.875,0.2634966690300621,30.0,-11.162722,100000.0
99,e+,3,0.3952094268798828,-1.3248873901367189,89910.18,0.0315096656995263,30.0,-11.162722,100000.0
99,e-,2,-40.33561767578125,-11.693807373046875,90003.625,0.015597982594152675,30.0,-11.162722,100000.0
99,e+,3,-1.3601486206054687,0.16587968826293945,89916.055,0.03574376874063719,30.0,-11.162722,100000.0
99,e+,3,-45.3620703125,-24.5086474609375,90002.54,0.013338958490539971,30.0,-11.162722,100000.0
99,e-,2,-43.1649609375,-30.1604833984375,89995.59,0.04075500412222154,30.0,-11.162722,100000.0
99,e+,3,-118.060517578125,55.7848876953125,90127.98,0.005283671162273791,30.0,-11.162722,100000.0
99,e+,3,3.3712286376953124,-0.8138887023925782,89911.13,0.0030709695844480457,30.0,-11.162722,100000.0
99,e+,3,-56.8343310546875,26.6337890625,90003.42,0.04603286381679912,30.0,-11.162722,100000.0
99,e-,2,-11.408580322265625,-35.99272216796875,89956.15,0.038674636821840976,30.0,-11.162722,100000.0
99,e+,3,-4.394728393554687,-20.21439697265625,89931.44,0.002680368767248317,30.0,-11.162722,100000.0
99,e+,3,-7.898344116210938,-20.369453125,89932.65,0.19838146632656645,30.0,-11.162722,100000.0
99,e+,3,-4.102504272460937,0.9021025848388672,89927.05,0.0015346367500880674,30.0,-11.162722,100000.0
99,e-,2,-5.074748840332031,-1.2399698638916015,89919.18,0.03232638507989073,30.0,-11.162722,100000.0
99,e+,3,-13.082711181640626,-11.48751220703125,89936.18,0.04953308107091647,30.0,-11.162722,100000.0
99,e+,3,-0.554191780090332,-22.31660400390625,89928.86,0.020471991761238966,30.0,-11.162722,100000.0
99,e+,3,-12.401431884765625,-10.605999755859376,89934.64,0.019892842172864918,30.0,-11.162722,100000.0
99,e+,3,-12.8763623046875,-10.33125244140625,89935.26,0.8477121055837481,30.0,-11.162722,100000.0
99,e+,3,-11.9061767578125,-10.038448486328125,89933.83,0.004376141083929997,30.0,-11.162722,100000.0
99,e-,2,-12.703074951171875,-10.27657958984375,89935.03,0.27354138472209016,30.0,-11.162722,100000.0
99,e-,2,-3.8213455200195314,1.1146968078613282,89916.27,1.8412161753310123,30.0,-11.162722,100000.0
99,e+,3,590.3274609375,7.298949584960938,89123.52,0.009221812957278933,30.0,-11.162722,100000.0
99,e+,3,-108.645,111.606474609375,90073.76,0.003882410396159327,30.0,-11.162722,100000.0
99,e+,3,1.0025052642822265,45.2607177734375,89906.06,0.012072328059037738,30.0,-11.162722,100000.0
99,e-,2,1.9361070251464845,44.036484375,89903.22,0.035597611155148715,30.0,-11.162722,100000.0
99,e+,3,6.592908935546875,-279.601953125,90117.04,0.08097756785700182,30.0,-11.162722,100000.0
99,e-,2,354.600078125,-54.727041015625,89395.94,0.014768975660202468,30.0,-11.162722,100000.0
99,e+,3,815.25953125,-708.219921875,89340.03,0.14689773326122293,30.0,-11.162722,100000.0
99,e-,2,366.618203125,224.87259765625,89543.734,0.12052068568902317,30.0,-11.162722,100000.0
99,e+,3,370.8389453125,216.49005859375,89556.39,0.0017086312176864329,30.0,-11.162722,100000.0
99,e+,3,366.682109375,223.5752734375,89543.04,0.30873582636326674,30.0,-11.162722,100000.0
99,e-,2,359.235546875,318.3720703125,89601.15,0.043095773454726365,30.0,-11.162722,100000.0
99,e+,3,359.2425,318.39642578125,89601.164,0.05090575768935594,30.0,-11.162722,100000.0
99,e+,3,17.968599853515624,-3.0908001708984374,89889.43,0.029060213703683026,30.0,-11.162722,100000.0
99,e+,3,25.46578369140625,-2.610403747558594,89879.38,0.07454307771473759,30.0,-11.162722,100000.0
99,e-,2,14.69167236328125,2.1010568237304685,89891.25,0.34680225280064775,30.0,-11.162722,100000.0
99,e-,2,231.16947265625,-276.6576953125,89679.836,0.056741284604123525,30.0,-11.162722,100000.0
99,e+,3,39.64083984375,-94.36140625,89899.05,0.049413471774626405,30.0,-11.162722,100000.0
99,e+,3,303.2264453125,44.0232080078125,89453.44,0.006295046154659325,30.0,-11.162722,100000.0
99,e-,2,-87.6425390625,-67.2071484375,90080.59,0.04575453368791774,30.0,-11.162722,100000.0
99,e+,3,-87.530009765625,-67.1249462890625,90080.36,0.08740420542973823,30.0,-11.162722,100000.0
99,e+,3,-88.5829296875,-65.7343603515625,90081.75,0.34186779866948697,30.0,-11.162722,100000.0
99,e+,3,65.64083984375,-51.120439453125,89842.07,0.002366909914962358,30.0,-11.162722,100000.0
99,e+,3,-249.70486328125,-81.774453125,90395.516,0.014613041779856787,30.0,-11.162722,100000.0
99,e-,2,381.2973046875,86.53552734375,89329.805,0.026884710991951378,30.0,-11.162722,100000.0
99,e+,3,380.952890625,86.169443359375,89330.195,0.06499175226128949,30.0,-11.162722,100000.0
99,e+,3,89.168251953125,-196.06439453125,89856.09,0.0018715184019561773,30.0,-11.162722,100000.0
99,e+,3,87.358974609375,-198.70375,89853.516,0.03539386061694458,30.0,-11.162722,100000.0
99,e+,3,291.1404296875,-202.0192578125,89548.766,0.0033605793028747286,30.0,-11.162722,100000.0
99,e-,2,-121.8998046875,35.5968701171875,90105.28,0.022101296996869357,30.0,-11.162722,100000.0
99,e-,2,2099.2425,1465.12890625,87661.75,0.006283301809851885,30.0,-11.162722,100000.0
99,e-,2,87.71853515625,-1.6642184448242188,89774.85,0.006150190278068105,30.0,-11.162722,100000.0
99,e+,3,87.667099609375,-1.8024514770507813,89774.78,0.012404904155042,30.0,-11.162722,100000.0
99,e-,2,302.53533203125,328.9010546875,89541.83,0.0019832959343728416,30.0,-11.162722,100000.0
99,e+,3,-398.1391015625,11.63739013671875,90618.26,0.00398854358629637,30.0,-11.162722,100000.0
99,e+,3,25.77468505859375,88.588359375,89858.65,0.024539283506115856,30.0,-11.162722,100000.0
99,e+,3,-299.588125,363.6571875,90414.38,0.003112319788058845,30.0,-11.162722,100000.0
99,e-,2,-468.258359375,-67.386494140625,90861.05,0.052805723135843426,30.0,-11.162722,100000.0
99,e+,3,134.094140625,-434.078046875,90055.016,0.04670883729035423,30.0,-11.162722,100000.0
99,e-,2,-5.03280029296875,-95.323466796875,89982.414,0.003802228564464937,30.0,-11.162722,100000.0
99,e+,3,-11.671949462890625,-105.37029296875,89985.94,0.09192311804297879,30.0,-11.162722,100000.0
99,e-,2,135.82978515625,-160.211416015625,89820.125,0.009767329232247178,30.0,-11.162722,100000.0
99,e+,3,91.26818359375,-199.22314453125,89921.586,0.011245935348281392,30.0,-11.162722,100000.0
99,e+,3,211.6069140625,389.2370703125,89711.32,0.010484279666444598,30.0,-11.162722,100000.0
99,e-,2,224.33740234375,388.3398828125,89690.375,0.03796264832212085,30.0,-11.162722,100000.0
99,e+,3,243.3658984375,-357.809140625,89834.234,0.007837203581433453,30.0,-11.162722,100000.0
99,e+,3,166.4284375,375.9070703125,89788.04,0.002034418543060421,30.0,-11.162722,100000.0
99,e+,3,-15.829176025390625,68.3619873046875,89919.8,0.0022051595226232914,30.0,-11.162722,100000.0
99,e+,3,-16.4234814453125,71.088486328125,89919.25,0.10985823319740558,30.0,-11.162722,100000.0
99,e-,2,-51.3830810546875,148.578291015625,89971.875,0.13952475409132778,30.0,-11.162722,100000.0
99,e-,2,-0.7954049682617188,111.673251953125,89886.65,0.14169350417528612,30.0,-11.162722,100000.0
99,e+,3,3.818883361816406,108.899560546875,89880.3,0.01680556165281283,30.0,-11.162722,100000.0
99,e+,3,2.5883328247070314,110.00490234375,89881.21,0.20520576769162696,30.0,-11.162722,100000.0
99,e+,3,-79.647216796875,152.225966796875,90032.96,0.007431809845434148,30.0,-11.162722,100000.0
99,e+,3,-75.843759765625,149.774892578125,90027.09,0.011086177882778419,30.0,-11.162722,100000.0
99,e+,3,-41.9710400390625,115.345908203125,89961.33,0.002820669351882597,30.0,-11.162722,100000.0
99,e-,2,-37.11929443359375,115.54197265625,89953.78,0.01677512337653591,30.0,-11.162722,100000.0
99,e+,3,-10.8815478515625,85.57693359375,89915.984,0.0068625086213525794,30.0,-11.162722,100000.0
99,e+,3,-4.019898986816406,97.870849609375,89897.76,0.007821345701673182,30.0,-11.162722,100000.0
99,e-,2,-1.5462286376953125,104.782939453125,89891.01,0.025967338371878344,30.0,-11.162722,100000.0
99,e-,2,-2.0493544006347655,96.588505859375,89891.5,0.0598997290392369,30.0,-11.162722,100000.0
99,e-,2,-3.8759249877929687,135.188720703125,89892.03,0.06766193893517718,30.0,-11.162722,100000.0
99,e+,3,11.631331787109374,57.7300146484375,89878.27,0.005536284644523495,30.0,-11.162722,100000.0
99,e+,3,40.42584228515625,20.173604736328127,89870.03,0.006679647716562762,30.0,-11.162722,100000.0
99,e+,3,-0.5424985885620117,33.5893115234375,89902.234,0.3466221023994748,30.0,-11.162722,100000.0
99,e+,3,13.05433349609375,12.97356201171875,89885.266,0.035495000240654134,30.0,-11.162722,100000.0
99,e+,3,9.682594604492188,16.802547607421875,89889.71,0.3638962130105607,30.0,-11.162722,100000.0
99,e+,3,11.88653076171875,4.123082580566407,89890.75,0.07230761911039825,30.0,-11.162722,100000.0
99,e+,3,13.97572509765625,6.78976806640625,89887.89,0.008694896369464432,30.0,-11.162722,100000.0
99,e-,2,10.8851123046875,9.267750854492187,89890.08,0.05408426537240526,30.0,-11.162722,100000.0
99,e+,3,5.983697509765625,27.205478515625,89904.31,0.02053234052791616,30.0,-11.162722,100000.0
99,e-,2,11.60015380859375,8.03583251953125,89889.23,0.3080107775631193,30.0,-11.162722,100000.0
99,e-,2,11.061485595703125,8.038320922851563,89890.11,0.5269687034668107,30.0,-11.162722,100000.0
99,e-,2,22.3800439453125,17.728990478515627,89869.86,0.05823284146582704,30.0,-11.162722,100000.0
99,e-,2,-55.7416064453125,-8.6254541015625,90020.77,0.01633847868388895,30.0,-11.162722,100000.0
99,e-,2,46.752109375,30.3236083984375,89849.99,0.007690689309829803,30.0,-11.162722,100000.0
99,e+,3,24.03041259765625,5.844854125976562,89872.9,0.05752729242740863,30.0,-11.162722,100000.0
99,e-,2,12.733067626953124,11.5981298828125,89886.484,0.08622981323563855,30.0,-11.162722,100000.0
99,e+,3,-56.137099609375,-21.37771484375,90022.56,0.0422669839649326,30.0,-11.162722,100000.0
99,e-,2,24.3619189453125,26.28853271484375,89866.02,0.006293765898715916,30.0,-11.162722,100000.0
99,e+,3,22.295302734375,24.75850341796875,89867.414,0.0252367238408232,30.0,-11.162722,100000.0
99,e+,3,13.763079833984374,34.3986328125,89879.94,0.11487005847610837,30.0,-11.162722,100000.0
99,e-,2,39.66149658203125,17.996866455078123,89845.914,0.11154642999403706,30.0,-11.162722,100000.0
99,e+,3,12.69462158203125,11.468223876953125,89887.31,0.011839224265547808,30.0,-11.162722,100000.0
99,e+,3,-16.892220458984376,-1.8019192504882813,90012.49,0.002037879730768488,30.0,-11.162722,100000.0
99,e+,3,9.592655029296875,0.6449217224121093,89897.07,0.040698925145798044,30.0,-11.162722,100000.0
99,e-,2,8.835140380859375,-1.8836384582519532,89899.75,0.08766495926408895,30.0,-11.162722,100000.0
99,e+,3,20.2483984375,29.87294677734375,89874.44,0.005368701711562847,30.0,-11.162722,100000.0
99,e+,3,20.22583251953125,29.86728515625,89874.08,0.04703218952030847,30.0,-11.162722,100000.0
99,e+,3,43.3794775390625,12.129818115234375,89840.695,0.03654857111319765,30.0,-11.162722,100000.0
99,e-,2,36.9049072265625,15.47564697265625,89847.56,0.07623587794336259,30.0,-11.162722,100000.0
99,e-,2,28.17649658203125,29.2716064453125,89866.18,0.007098734060447256,30.0,-11.162722,100000.0
99,e+,3,10.89927734375,20.256416015625,89891.59,0.011390925081747825,30.0,-11.162722,100000.0
99,e+,3,-26.35109375,3.749950256347656,89975.36,0.007816440303515665,30.0,-11.162722,100000.0
99,e+,3,41.864150390625,-33.99051513671875,89876.016,0.03377394670848693,30.0,-11.162722,100000.0
99,e+,3,65.0431689453125,-11.607086181640625,89825.93,0.4797019254344761,30.0,-11.162722,100000.0
99,e-,2,12.40599365234375,16.913670654296876,89885.19,0.47640513507606363,30.0,-11.162722,100000.0
99,e+,3,7.7048291015625,0.006943556070327758,89900.69,0.023864408216814213,30.0,-11.162722,100000.0
99,e+,3,4.050944213867187,-5.518416748046875,89912.19,0.01668939636633499,30.0,-11.162722,100000.0
99,e+,3,24.5807177734375,15.3754931640625,89883.85,0.002947167161768941,30.0,-11.162722,100000.0
99,e+,3,-1.8793612670898439,-6.075444946289062,89933.83,0.0018162390270924282,30.0,-11.162722,100000.0
99,e+,3,21.03668701171875,13.30137451171875,89879.836,0.012109401336643854,30.0,-11.162722,100000.0
99,e+,3,10.53422119140625,7.823695678710937,89891.92,0.03159137626307323,30.0,-11.162722,100000.0
99,e-,2,11.130672607421875,10.530184326171875,89889.15,0.686776023126289,30.0,-11.162722,100000.0
99,e+,3,12.373214111328124,8.945277099609376,89888.875,0.018022214806577008,30.0,-11.162722,100000.0
99,e+,3,9.889871826171875,9.015965576171874,89892.54,0.06375571523996724,30.0,-11.162722,100000.0
99,e-,2,12.29240966796875,9.123434448242188,89887.78,0.25059340444794503,30.0,-11.162722,100000.0
99,e+,3,16.035263671875,11.3956103515625,89883.37,0.0017925718916117625,30.0,-11.162722,100000.0
99,e-,2,14.899749755859375,10.927054443359374,89882.84,0.11769453789374805,30.0,-11.162722,100000.0
99,e+,3,16.942515869140625,11.10081787109375,89879.48,0.27554681400751174,30.0,-11.162722,100000.0
99,e+,3,15.192718505859375,9.488623046875,89882.805,0.010202856521465057,30.0,-11.162722,100000.0
99,e+,3,14.840850830078125,9.598300170898437,89883.305,1.069740435897616,30.0,-11.162722,100000.0
99,e+,3,15.242459716796875,10.303206787109374,89882.42,0.6755575836616959,30.0,-11.162722,100000.0
99,e-,2,18.822626953125,3.1833615112304687,89879.63,0.14705753481987946,30.0,-11.162722,100000.0
99,e+,3,19.04495361328125,8.835512084960937,89877.16,0.010327895436554659,30.0,-11.162722,100000.0
99,e-,2,18.76163818359375,9.016868896484375,89877.234,0.07060753643091859,30.0,-11.162722,100000.0
99,e+,3,20.9554345703125,7.796904296875,89874.65,0.13121567687453492,30.0,-11.162722,100000.0
99,e+,3,-61.503857421875,-87.4354296875,90159.14,0.001967388253300929,30.0,-11.162722,100000.0
99,e-,2,14.459940185546875,9.748656005859376,89883.875,4.8986746183708805,30.0,-11.162722,100000.0
99,e+,3,56.6483740234375,-147.78998046875,89898.76,0.013035149405402869,30.0,-11.162722,100000.0
99,e-,2,56.9229052734375,-147.720537109375,89898.21,0.01608133430201469,30.0,-11.162722,100000.0
99,e+,3,-28.19886962890625,90.510703125,89949.22,0.03554205423012166,30.0,-11.162722,100000.0
99,e+,3,-11.02609130859375,82.139248046875,89929.99,0.010915456539800196,30.0,-11.162722,100000.0
99,e+,3,-28.66147216796875,88.581982421875,89950.11,0.2621061749985265,30.0,-11.162722,100000.0
99,e+,3,-57.2495751953125,194.5436328125,90134.516,0.001667098327819485,30.0,-11.162722,100000.0
99,e-,2,-21.9508056640625,-16.02265625,89990.625,0.00791533688900391,30.0,-11.162722,100000.0
99,e-,2,30.64595947265625,103.48982421875,89860.09,0.05755128457071904,30.0,-11.162722,100000.0
99,e+,3,-30.089453125,92.382529296875,89954.45,0.007410457676869503,30.0,-11.162722,100000.0
99,e-,2,-20.4723779296875,83.647822265625,89946.49,0.017075976208096685,30.0,-11.162722,100000.0
99,e+,3,429.3090234375,-492.1474609375,89897.46,0.04757568311183618,30.0,-11.162722,100000.0
99,e-,2,122.796748046875,148.632685546875,89690.97,0.2909017435048919,30.0,-11.162722,100000.0
99,e+,3,118.51205078125,150.2227734375,89696.62,0.37655658784785356,30.0,-11.162722,100000.0
99,e-,2,118.518759765625,134.169794921875,89697.94,0.1253134446116698,30.0,-11.162722,100000.0
99,e-,2,118.8296875,167.43076171875,89701.79,0.027396455105623732,30.0,-11.162722,100000.0
99,e-,2,149.967138671875,192.436875,89693.555,0.05175595920774058,30.0,-11.162722,100000.0
99,e+,3,120.131650390625,149.282724609375,89694.24,0.5097245387868288,30.0,-11.162722,100000.0
99,e+,3,30.275546875,-93.849365234375,89916.03,0.016442352436178517,30.0,-11.162722,100000.0
99,e+,3,120.460009765625,-73.48015625,89757.58,0.08947553356714068,30.0,-11.162722,100000.0
99,e+,3,114.689892578125,-64.2696484375,89759.22,0.01661372765080077,30.0,-11.162722,100000.0
99,e-,2,114.61771484375,-64.28703125,89759.29,0.03725559864104916,30.0,-11.162722,100000.0
99,e-,2,115.43125,-62.572041015625,89757.32,0.22592948234665378,30.0,-11.162722,100000.0
99,e+,3,107.8530078125,-42.07408203125,89763.16,0.015380760360787173,30.0,-11.162722,100000.0
99,e+,3,107.245908203125,-41.96845703125,89763.88,0.10805593363025628,30.0,-11.162722,100000.0
99,e+,3,10.549320068359375,-97.421474609375,89944.43,0.003738042242139458,30.0,-11.162722,100000.0
99,e+,3,-145.896943359375,-21.5154443359375,90297.96,0.002954821593813179,30.0,-11.162722,100000.0
99,e-,2,-145.00888671875,-20.075941162109373,90308.15,0.0019462441214969145,30.0,-11.162722,100000.0
99,e-,2,-88.824169921875,-27.0585400390625,90084.48,0.03316201283182166,30.0,-11.162722,100000.0
99,e+,3,-218.4296484375,-170.16615234375,90412.38,0.006329102030022889,30.0,-11.162722,100000.0
99,e-,2,-279.48791015625,-95.307138671875,90476.26,0.0065901724714177755,30.0,-11.162722,100000.0
99,e+,3,-265.31568359375,-94.039228515625,90440.93,0.0572030004911403,30.0,-11.162722,100000.0
99,e+,3,-283.497421875,-98.775537109375,90484.68,0.019149366825595676,30.0,-11.162722,100000.0
99,e-,2,-274.95119140625,-104.51892578125,90465.16,0.0647136545699593,30.0,-11.162722,100000.0
99,e+,3,-256.54291015625,-263.84109375,90631.37,0.003255496531086863,30.0,-11.162722,100000.0
99,e+,3,32.19011962890625,57.576884765625,89852.59,0.012016503964826232,30.0,-11.162722,100000.0
99,e-,2,22.83234619140625,58.495263671875,89863.945,0.5513203764826532,30.0,-11.162722,100000.0
99,e-,2,133.858779296875,40.6098583984375,89719.766,0.06740516040245047,30.0,-11.162722,100000.0
99,e+,3,128.228955078125,13.855029296875,89738.18,0.006974091989840768,30.0,-11.162722,100000.0
99,e-,2,128.29734375,13.777147216796875,89738.01,0.020481287408259358,30.0,-11.162722,100000.0
99,e+,3,136.279091796875,-0.22266029357910155,89756.64,0.011614822047422504,30.0,-11.162722,100000.0
99,e-,2,32.8330126953125,8.338668823242188,89860.45,0.050120484006106726,30.0,-11.162722,100000.0
99,e+,3,37.70066650390625,17.50562255859375,89849.016,0.16082464204313712,30.0,-11.162722,100000.0
99,e-,2,41.3389404296875,11.218447265625,89844.7,0.11969591156251208,30.0,-11.162722,100000.0
99,e+,3,41.30603515625,11.25826904296875,89844.734,0.1479119281356866,30.0,-11.162722,100000.0
99,e-,2,41.315966796875,11.277076416015625,89844.72,1.8620791818342814,30.0,-11.162722,100000.0
99,e+,3,19.59719482421875,61.202138671875,89877.89,0.020937009498061685,30.0,-11.162722,100000.0
99,e-,2,59.2656640625,77.9223388671875,89803.69,0.004652018790779397,30.0,-11.162722,100000.0
99,e+,3,60.2557763671875,77.255126953125,89800.42,0.06544806911449044,30.0,-11.162722,100000.0
99,e-,2,40.3165380859375,62.4823681640625,89846.414,0.005060240159461815,30.0,-11.162722,100000.0
99,e+,3,49.49998046875,51.9644775390625,89827.164,0.0038720707526096448,30.0,-11.162722,100000.0
99,e+,3,79.5990283203125,73.4074560546875,89786.09,0.0023344349101863436,30.0,-11.162722,100000.0
99,e+,3,52.3087646484375,97.50083984375,89811.85,0.02254169430772672,30.0,-11.162722,100000.0
99,e-,2,82.3498828125,61.9471337890625,89824.125,0.009166005545951749,30.0,-11.162722,100000.0
99,e+,3,-130.4838671875,24.8044921875,90223.164,0.01721364760646308,30.0,-11.162722,100000.0
99,e-,2,30.909814453125,132.912080078125,89856.375,0.020842808579460158,30.0,-11.162722,100000.0
99,e+,3,64.06154296875,83.4005078125,89799.3,0.014415209894911324,30.0,-11.162722,100000.0
99,e-,2,70.350029296875,86.398642578125,89787.555,0.00821120775163231,30.0,-11.162722,100000.0
99,e-,2,75.43140625,82.12251953125,89787.05,0.007070270478834153,30.0,-11.162722,100000.0
99,e+,3,74.5829931640625,100.1490625,89779.22,0.008818727745136923,30.0,-11.162722,100000.0
99,e+,3,67.4126611328125,91.426240234375,89793.48,0.006160395950027483,30.0,-11.162722,100000.0
99,e+,3,80.646083984375,96.077783203125,89771.086,0.03405950735824736,30.0,-11.162722,100000.0
99,e-,2,62.270244140625,105.24458984375,89808.97,0.008539730695654037,30.0,-11.162722,100000.0
99,e-,2,64.0611181640625,93.26958984375,89794.77,0.2936415072940319,30.0,-11.162722,100000.0
99,e+,3,1052.95609375,468.127734375,89954.72,0.004524471589268415,30.0,-11.162722,100000.0
99,e+,3,1054.856484375,473.050390625,89956.21,0.025940871679366394,30.0,-11.162722,100000.0
99,e-,2,1046.376328125,470.4659765625,89941.375,0.08166868512151812,30.0,-11.162722,100000.0
99,e-,2,1789.67640625,731.089765625,91853.15,0.006259029413670829,30.0,-11.162722,100000.0
99,e-,2,-46.847646484375,142.650830078125,89978.35,0.02842057541860569,30.0,-11.162722,100000.0
99,e+,3,-61.5633837890625,152.4933984375,89999.25,0.012782873583463422,30.0,-11.162722,100000.0
99,e+,3,-67.79046875,138.610234375,90002.79,0.10060231653838297,30.0,-11.162722,100000.0
99,e-,2,-67.9436328125,137.764658203125,90003.1,0.10797757984765186,30.0,-11.162722,100000.0
99,e+,3,40.90487548828125,124.385087890625,89829.94,0.19768530385639257,30.0,-11.162722,100000.0
99,e-,2,53.5703076171875,136.35658203125,89814.16,0.02916409560294572,30.0,-11.162722,100000.0
99,e+,3,34.80363525390625,127.354716796875,89844.3,0.004116264057881042,30.0,-11.162722,100000.0
99,e-,2,36.188310546875,128.507470703125,89841.766,0.04001321635782351,30.0,-11.162722,100000.0
99,e-,2,237.70396484375,49.6864794921875,89591.93,0.02760573079656405,30.0,-11.162722,100000.0
99,e+,3,239.39359375,48.7960498046875,89590.16,0.047958156156247156,30.0,-11.162722,100000.0
99,e-,2,213.11783203125,72.900478515625,89623.375,0.05624746363541684,30.0,-11.162722,100000.0
99,e+,3,167.57708984375,-2.1995921325683594,89683.79,0.0654750651182121,30.0,-11.162722,100000.0
99,e+,3,139.204853515625,-9.033005981445312,89716.55,0.0024264310150421712,30.0,-11.162722,100000.0
99,e-,2,139.175302734375,-9.2977001953125,89716.32,0.3501644925207765,30.0,-11.162722,100000.0
99,e+,3,13.16189453125,-45.2815185546875,89944.984,0.0047240360503097035,30.0,-11.162722,100000.0
99,e+,3,-45.286845703125,-161.848056640625,90101.71,0.014072884220886626,30.0,-11.162722,100000.0
99,e-,2,-46.2793359375,-163.819208984375,90106.16,0.01892540239063598,30.0,-11.162722,100000.0
99,e+,3,13.440576171875,-86.56251953125,89930.14,0.0048211548561596426,30.0,-11.162722,100000.0
99,e-,2,44.822001953125,-55.9924609375,89875.945,0.021707780886296678,30.0,-11.162722,100000.0
99,e-,2,8.6815673828125,-98.1448046875,89945.33,0.13286941564512192,30.0,-11.162722,100000.0
99,e+,3,66.0476513671875,39.0567333984375,89820.13,0.01511501743136335,30.0,-11.162722,100000.0
99,e+,3,29.7945751953125,89.14458984375,89848.45,0.2907976843248795,30.0,-11.162722,100000.0
99,e-,2,31.35972412109375,97.223076171875,89845.52,0.2992630549436808,30.0,-11.162722,100000.0
99,e-,2,29.0001953125,103.245654296875,89856.65,0.011165857736559566,30.0,-11.162722,100000.0
99,e-,2,32.7102490234375,90.76111328125,89843.88,0.1274984602196232,30.0,-11.162722,100000.0
99,e+,3,69.0410498046875,-116.89912109375,89859.35,0.028545328990676647,30.0,-11.162722,100000.0
99,e+,3,125.025791015625,-122.566806640625,89781.42,0.10485394252004816,30.0,-11.162722,100000.0
99,e+,3,260.53234375,-388.2806640625,89797.4,0.0031554203001795548,30.0,-11.162722,100000.0
99,e-,2,274.38248046875,-390.128203125,89775.055,0.015262559927569726,30.0,-11.162722,100000.0
99,e-,2,269.264375,-384.6259375,89767.47,0.10413640089340934,30.0,-11.162722,100000.0
99,e-,2,-63.3083740234375,151.847587890625,89975.79,0.1277920251873155,30.0,-11.162722,100000.0
99,e+,3,60.177724609375,113.245439453125,89781.82,0.056597086298822104,30.0,-11.162722,100000.0
99,e+,3,366.102109375,170.8708203125,89365.95,0.0023646998058576394,30.0,-11.162722,100000.0
99,e+,3,415.2170703125,334.7434765625,89329.14,0.006622051950949506,30.0,-11.162722,100000.0
99,e+,3,265.2181640625,58.0602294921875,89559.97,0.014827772414887728,30.0,-11.162722,100000.0
99,e+,3,775.581171875,-922.27484375,89205.25,0.0017884821703446848,30.0,-11.162722,100000.0
99,e+,3,760.59328125,-840.12359375,89167.21,0.003641089938715239,30.0,-11.162722,100000.0
99,e+,3,758.985078125,-871.768203125,89160.055,0.00963942424301524,30.0,-11.162722,100000.0
99,e+,3,760.8896875,-864.93515625,89152.85,0.3462662518344909,30.0,-11.162722,100000.0
99,e-,2,251.36201171875,-31.65559326171875,89573.31,0.00238157437941351,30.0,-11.162722,100000.0
99,e+,3,261.905703125,-17.485787353515626,89542.08,0.04548935632899102,30.0,-11.162722,100000.0
99,e+,3,278.341171875,-39.8180908203125,89524.5,0.06636183408953779,30.0,-11.162722,100000.0
99,e-,2,-2375.38,511.3505078125,94440.01,0.003207944465285234,30.0,-11.162722,100000.0
99,e+,3,-1248.350703125,-377.594140625,92280.516,0.6846860366855174,30.0,-11.162722,100000.0
99,e+,3,55.0445361328125,60.9018994140625,89817.08,0.003966424411094424,30.0,-11.162722,100000.0
99,e+,3,-181.99076171875,-526.4273828125,90576.484,0.0037552577614720713,30.0,-11.162722,100000.0
99,e-,2,-181.8893359375,-526.2519140625,90575.95,0.005070867996135813,30.0,-11.162722,100000.0
99,e+,3,303.58431640625,638.72234375,89406.2,0.0047283996441801635,30.0,-11.162722,100000.0
99,e+,3,7.2011376953125,12.994464111328124,89895.8,0.03305048525360401,30.0,-11.162722,100000.0
99,e+,3,-1052.438046875,746.36203125,92180.055,0.010537277770777915,30.0,-11.162722,100000.0
99,e-,2,-38.4952001953125,-74.943046875,90017.71,0.016061784083151533,30.0,-11.162722,100000.0
99,e+,3,98.872578125,-55.3860986328125,89786.836,0.014581150430340284,30.0,-11.162722,100000.0
99,e+,3,97.70888671875,166.763046875,89787.32,0.006180969583259392,30.0,-11.162722,100000.0
99,e+,3,40.260869140625,-26.59698974609375,89877.1,0.002479282676786354,30.0,-11.162722,100000.0
99,e+,3,-32.02048828125,-14.19477294921875,89985.91,0.005653287424323217,30.0,-11.162722,100000.0
99,e+,3,15.40755126953125,16.908626708984375,89886.58,0.007306602456226929,30.0,-11.162722,100000.0
99,e+,3,12.90220947265625,14.780341796875,89886.07,0.10513145996773,30.0,-11.162722,100000.0
99,e-,2,-118.847353515625,5.800548095703125,90117.43,0.036160272814222044,30.0,-11.162722,100000.0
99,e+,3,71.916708984375,97.185302734375,89782.586,0.009508124189746649,30.0,-11.162722,100000.0
99,e+,3,-14.466307373046876,-200.34869140625,90038.74,0.005855767925488259,30.0,-11.162722,100000.0
99,e-,2,-92.680380859375,39.6919189453125,90088.35,0.0037888555401826684,30.0,-11.162722,100000.0
99,e+,3,49.0556689453125,88.88158203125,89813.22,0.010252045918489945,30.0,-11.162722,100000.0
99,e-,2,45.6785009765625,90.0165234375,89817.87,0.013107491653884973,30.0,-11.162722,100000.0
99,e+,3,-168.213515625,-228.08595703125,90310.64,0.00936541008299499,30.0,-11.162722,100000.0
99,e+,3,20.69708984375,-31.1667138671875,89889.79,0.04710859568522445,30.0,-11.162722,100000.0
99,e+,3,17.0816748046875,-70.3935205078125,89919.49,0.004870737059300579,30.0,-11.162722,100000.0
99,e+,3,47.2589404296875,-34.02412841796875,89856.91,0.0053932824610077494,30.0,-11.162722,100000.0
99,e-,2,7.688171997070312,-20.07594482421875,89905.77,0.021419974137087388,30.0,-11.162722,100000.0
99,e+,3,-14.70421630859375,4.267694702148438,89936.97,0.08839529628700418,30.0,-11.162722,100000.0
99,e+,3,5.276544799804688,-14.34966064453125,89906.805,0.2183137492351603,30.0,-11.162722,100000.0
99,e-,2,4.5956637573242185,-9.328822631835937,89906.15,0.27128217629028956,30.0,-11.162722,100000.0
99,e+,3,156.4306640625,-20.53863525390625,89670.016,0.04750367370501901,30.0,-11.162722,100000.0
99,e-,2,-29.0389306640625,-66.4888427734375,89987.484,0.053204780539252455,30.0,-11.162722,100000.0
99,e-,2,0.5391696548461914,34.06530029296875,89913.89,0.012398623864852826,30.0,-11.162722,100000.0
99,e-,2,52.5064892578125,-25.9756884765625,89839.62,0.01321247600556945,30.0,-11.162722,100000.0
99,e+,3,62.709365234375,-31.497734375,89823.66,0.016767913429588846,30.0,-11.162722,100000.0
99,e+,3,2.885062255859375,0.1961309242248535,89911.47,0.012620222544264122,30.0,-11.162722,100000.0
99,e-,2,10.13756103515625,-7.205540771484375,89896.27,0.01977878832861555,30.0,-11.162722,100000.0
99,e+,3,10.085659790039063,-7.146075439453125,89896.31,0.03086248600443602,30.0,-11.162722,100000.0
99,e-,2,54.0794970703125,-18.019755859375,89842.03,0.05401325362092765,30.0,-11.162722,100000.0
99,e+,3,16.1631005859375,26.31537353515625,89880.42,0.004048531110163192,30.0,-11.162722,100000.0
99,e+,3,-10.633212890625,22.03656005859375,89921.14,0.4830639779007489,30.0,-11.162722,100000.0
99,e+,3,-51.2437548828125,1.7852903747558593,90061.9,0.012263237083743966,30.0,-11.162722,100000.0
99,e+,3,57.2705615234375,-9.909891967773438,89863.09,0.009557758847492834,30.0,-11.162722,100000.0
99,e+,3,-118.69916015625,10.875750732421874,90116.734,0.020260327482711872,30.0,-11.162722,100000.0
99,e-,2,-18.178037109375,-54.847646484375,89971.96,0.0054897056575942,30.0,-11.162722,100000.0
99,e+,3,-23.95798583984375,-54.8538330078125,89976.16,0.03944546299095845,30.0,-11.162722,100000.0
99,e+,3,-43.2418359375,-20.096629638671875,89996.16,0.0035230128238041467,30.0,-11.162722,100000.0
99,e-,2,-7.935023803710937,-44.7074169921875,89947.88,0.016165015559575526,30.0,-11.162722,100000.0
99,e-,2,-55.6180029296875,-47.629228515625,90047.15,0.005193577237762091,30.0,-11.162722,100000.0
99,e+,3,-50.28908203125,-50.4170068359375,90029.94,0.043149907976115134,30.0,-11.162722,100000.0
99,e+,3,8.330604858398438,0.4758867645263672,89902.21,0.02014662520758443,30.0,-11.162722,100000.0
99,e+,3,93.479580078125,-32.16969970703125,89795.2,0.0034901067872406617,30.0,-11.162722,100000.0
99,e+,3,-301.516015625,-531.1453125,90733.33,0.030419510404098404,30.0,-11.162722,100000.0
99,e+,3,38.86121337890625,1.1852684783935548,89872.79,0.0018313098053353918,30.0,-11.162722,100000.0
99,e-,2,38.963876953125,93.5257421875,89848.98,0.004932018527684873,30.0,-11.162722,100000.0
99,e+,3,315.354609375,41.84509765625,89472.27,0.008707520534175745,30.0,-11.162722,100000.0
99,e+,3,-428.8799609375,-197.46283203125,90938.516,0.003400684825439067,30.0,-11.162722,100000.0
99,e+,3,80.1973583984375,41.4023974609375,89798.59,0.004709731530636655,30.0,-11.162722,100000.0
99,e+,3,8.003328247070312,133.12958984375,89870.1,0.006774416710855509,30.0,-11.162722,100000.0
99,e+,3,-75.5545947265625,30.6193212890625,90051.516,0.009634230918291043,30.0,-11.162722,100000.0
99,e+,3,-17.45345703125,16.14194091796875,89939.555,0.031488050327084384,30.0,-11.162722,100000.0
99,e+,3,-50.261318359375,1.9396769714355468,90011.39,0.010621908268657693,30.0,-11.162722,100000.0
99,e+,3,72.9123876953125,41.2832177734375,89832.586,0.006513784187966111,30.0,-11.162722,100000.0
99,e+,3,-4.224084167480469,43.2183251953125,89949.28,0.0020049557311247685,30.0,-11.162722,100000.0
99,e-,2,106.531416015625,99.684921875,89726.51,0.017688096852934224,30.0,-11.162722,100000.0
99,e+,3,104.37498046875,100.8648046875,89728.16,0.03797987024843682,30.0,-11.162722,100000.0
99,e-,2,100.34431640625,68.887080078125,89739.375,0.0026489722635190103,30.0,-11.162722,100000.0
99,e+,3,98.5051953125,64.3691650390625,89734.65,0.016953438399920265,30.0,-11.162722,100000.0
99,e-,2,-51.0069091796875,-186.3794921875,90126.29,0.03372492747120358,30.0,-11.162722,100000.0
99,e-,2,166.88580078125,-105.5496484375,89806.35,0.01146399153323214,30.0,-11.162722,100000.0
99,e-,2,215.1640234375,-6.131569213867188,89577.016,0.028846883148820418,30.0,-11.162722,100000.0
99,e+,3,80.7362109375,79.4246875,89761.8,0.006855440204125358,30.0,-11.162722,100000.0
99,e+,3,158.16791015625,47.269130859375,89666.98,0.0024721614334352296,30.0,-11.162722,100000.0
99,e+,3,-80.787919921875,-374.6269921875,90311.83,0.04487183299185014,30.0,-11.162722,100000.0
99,e+,3,106.31294921875,66.209755859375,89727.12,0.008577589378625189,30.0,-11.162722,100000.0
99,e+,3,42.7101611328125,-209.35423828125,89978.54,0.0035736823485459156,30.0,-11.162722,100000.0
99,e-,2,122.255439453125,68.7237841796875,89694.51,0.1008642039187235,30.0,-11.162722,100000.0
99,e-,2,81.1869775390625,-75.20275390625,89813.5,0.007177153022410178,30.0,-11.162722,100000.0
99,e+,3,89.965888671875,-91.801884765625,89802.664,0.03205554631664169,30.0,-11.162722,100000.0
99,e+,3,28.90340087890625,179.31880859375,89950.7,0.02314874788186017,30.0,-11.162722,100000.0
99,e+,3,-69.4322607421875,-277.08859375,90146.266,0.017377795808818635,30.0,-11.162722,100000.0
99,e-,2,2562.946875,655.376796875,86157.84,0.021548083278629105,30.0,-11.162722,100000.0
99,e+,3,2559.78484375,654.8001171875,86162.35,0.032374845366734066,30.0,-11.162722,100000.0
99,e+,3,1128.691171875,332.59734375,88114.05,0.022460197985738676,30.0,-11.162722,100000.0
99,e-,2,1137.801171875,351.11609375,88085.34,0.2333856790888155,30.0,-11.162722,100000.0
99,e+,3,65.4740771484375,-632.2679296875,90260.85,0.003782913893065612,30.0,-11.162722,100000.0
99,e-,2,702.854765625,-932.263046875,89671.27,0.02301931114006617,30.0,-11.162722,100000.0
99,e+,3,702.562421875,-942.295546875,89676.59,0.05017271659607879,30.0,-11.162722,100000.0
99,e+,3,237.8155078125,710.909765625,89521.18,0.0033774166244467593,30.0,-11.162722,100000.0
99,e-,2,647.2983203125,494.5833984375,88852.58,0.00451617531180546,30.0,-11.162722,100000.0
99,e+,3,643.8200390625,488.701875,88843.76,0.026060319169639207,30.0,-11.162722,100000.0
99,e+,3,-605.295078125,-346.3820703125,91135.36,0.30978156814701424,30.0,-11.162722,100000.0
99,e-,2,-38.7769140625,284.053828125,89898.375,0.2769493993632859,30.0,-11.162722,100000.0
99,e+,3,417.79625,-87.54005859375,89491.37,0.02323666496574432,30.0,-11.162722,100000.0
99,e+,3,-53.0015234375,254.58638671875,89931.984,0.01378931934005928,30.0,-11.162722,100000.0
99,e+,3,-47.98197265625,249.16236328125,89926.63,0.01882119991520011,30.0,-11.162722,100000.0
99,e+,3,2238.95875,1118.059609375,87934.98,0.0034895602584465594,30.0,-11.162722,100000.0
99,e+,3,832.4765625,148.795859375,88654.516,0.002979289516014348,30.0,-11.162722,100000.0
99,e-,2,831.76828125,149.970263671875,88652.44,0.008411386713185216,30.0,-11.162722,100000.0
99,e+,3,-57.6626171875,-235.48666015625,90150.984,0.005143447000072339,30.0,-11.162722,100000.0
99,e-,2,-291.3474609375,-63.9299951171875,90474.8,0.163379508042746,30.0,-11.162722,100000.0
99,e-,2,627.4405859375,887.71296875,88955.03,0.0652938576610067,30.0,-11.162722,100000.0
99,e-,2,950.05890625,351.395859375,88642.01,0.04920904125329954,30.0,-11.162722,100000.0
99,e+,3,931.29125,265.804765625,88655.97,0.0028992375704385244,30.0,-11.162722,100000.0
99,e-,2,933.57171875,265.72533203125,88650.3,0.027667853339686833,30.0,-11.162722,100000.0
99,e+,3,930.12296875,263.62197265625,88655.26,0.03704791613762934,30.0,-11.162722,100000.0
99,e+,3,166.381328125,169.15482421875,89640.85,0.01603892456540169,30.0,-11.162722,100000.0
99,e+,3,-10.204761962890625,-19.908482666015626,89940.55,0.004373743041365199,30.0,-11.162722,100000.0
99,e-,2,-16.3205810546875,-19.15703125,89943.62,0.06705870556089998,30.0,-11.162722,100000.0
99,e+,3,1272.8634375,313.64853515625,88378.91,0.005152465287448815,30.0,-11.162722,100000.0
99,e+,3,174.91541015625,-150.163837890625,89722.875,0.03217231474297949,30.0,-11.162722,100000.0
99,e+,3,-406.400390625,-45.3602099609375,90626.445,0.00893067887450702,30.0,-11.162722,100000.0
99,e+,3,-409.9873828125,-193.87525390625,90678.44,0.0436715640715476,30.0,-11.162722,100000.0
99,e+,3,-423.836171875,-159.488154296875,90683.47,0.014271268406043255,30.0,-11.162722,100000.0
99,e-,2,-450.9633984375,-162.780712890625,90756.17,0.002563036056887303,30.0,-11.162722,100000.0
99,e+,3,-426.8614453125,-128.157685546875,90685.836,0.008529857049724298,30.0,-11.162722,100000.0
99,e+,3,-429.5691015625,-135.38638671875,90690.09,0.007851747033940716,30.0,-11.162722,100000.0
99,e-,2,123.470888671875,-98.03431640625,89775.195,0.005977143472729941,30.0,-11.162722,100000.0
99,e+,3,149.255224609375,-106.466337890625,89713.38,0.011444961049254722,30.0,-11.162722,100000.0
99,e+,3,148.549423828125,-106.42728515625,89714.1,0.10065267851363695,30.0,-11.162722,100000.0
99,e-,2,129.831337890625,-100.029404296875,89742.42,0.30273902205562603,30.0,-11.162722,100000.0
99,e+,3,175.82177734375,-117.77681640625,89682.625,0.09026619121606645,30.0,-11.162722,100000.0
99,e+,3,724.220390625,173.78533203125,88982.14,0.007191957406261679,30.0,-11.162722,100000.0
99,e+,3,-8.686857299804688,-56.5568994140625,89961.016,0.03385869412945181,30.0,-11.162722,100000.0
99,e-,2,-60.6210986328125,-104.68974609375,90054.805,0.02112132208508091,30.0,-11.162722,100000.0
99,e-,2,-14.7134912109375,-151.079697265625,90001.8,0.025744471756270565,30.0,-11.162722,100000.0
99,e+,3,-28.42372802734375,-126.27884765625,90011.734,0.030227309036630012,30.0,-11.162722,100000.0
99,e+,3,-57.616689453125,-122.882080078125,90052.375,0.0428893832493815,30.0,-11.162722,100000.0
99,e-,2,-56.7875634765625,-132.033525390625,90056.84,0.104288699712481,30.0,-11.162722,100000.0
99,e-,2,-17.170323486328126,-86.316748046875,89977.05,0.009201790876316122,30.0,-11.162722,100000.0
99,e+,3,-18.723482666015624,-97.67189453125,89978.82,0.00793091355462572,30.0,-11.162722,100000.0
99,e-,2,-16.496947021484374,-100.417919921875,89975.81,0.0059527992806497785,30.0,-11.162722,100000.0
99,e+,3,-16.61640380859375,-100.474013671875,89975.914,0.011550129728417213,30.0,-11.162722,100000.0
99,e+,3,-22.63110107421875,-103.571591796875,89994.266,0.005552833148374937,30.0,-11.162722,100000.0
99,e+,3,-24.3028564453125,-88.994365234375,89981.82,1.1117117192124195,30.0,-11.162722,100000.0
99,e+,3,-44.354130859375,-8.84032958984375,90013.59,0.010757731345797827,30.0,-11.162722,100000.0
99,e+,3,-45.7703515625,-89.042685546875,90017.516,0.1664012924975783,30.0,-11.162722,100000.0
99,e+,3,-29.3291455078125,-89.33513671875,89990.39,0.07028588697405867,30.0,-11.162722,100000.0
99,e-,2,47.037333984375,257.81416015625,89796.77,0.023192460861203405,30.0,-11.162722,100000.0
99,e-,2,114.0762890625,321.66912109375,89691.82,0.004261066159692605,30.0,-11.162722,100000.0
99,e+,3,137.904970703125,259.6055078125,89640.66,0.21613253122255113,30.0,-11.162722,100000.0
99,e+,3,306.35123046875,415.673515625,89482.42,0.0041501466314665435,30.0,-11.162722,100000.0
99,e-,2,288.06287109375,419.3625,89475.65,0.010011124029928762,30.0,-11.162722,100000.0
99,e+,3,42.7124951171875,127.71662109375,89830.32,0.014816860400067002,30.0,-11.162722,100000.0
99,e+,3,284.52861328125,51.228466796875,89898.02,0.0024916815998097886,30.0,-11.162722,100000.0
99,e+,3,164.77869140625,456.873984375,89671.01,0.025178041016390817,30.0,-11.162722,100000.0
99,e-,2,164.7691015625,456.725,89671.01,0.03835703514039391,30.0,-11.162722,100000.0
99,e+,3,277.04107421875,419.1752734375,89554.6,0.008494808360067415,30.0,-11.162722,100000.0
99,e+,3,259.31515625,477.663359375,89573.89,0.027763217607975364,30.0,-11.162722,100000.0
99,e+,3,-23.46496337890625,222.223984375,89910.61,0.6834787369041413,30.0,-11.162722,100000.0
99,e-,2,-69.60640625,369.5034765625,89975.5,0.003590200174767995,30.0,-11.162722,100000.0
99,e+,3,-69.6088525390625,369.2983203125,89972.15,0.012304415766686476,30.0,-11.162722,100000.0
99,e+,3,-110.9838671875,414.47546875,90044.24,0.08648201957951339,30.0,-11.162722,100000.0
99,e-,2,-115.41779296875,414.4403125,90051.1,0.12485818576412572,30.0,-11.162722,100000.0
99,e+,3,-169.3255859375,474.5393359375,90182.73,0.008029280641357084,30.0,-11.162722,100000.0
99,e+,3,33.1866552734375,152.148447265625,89931.18,0.007238276393275425,30.0,-11.162722,100000.0
99,e+,3,-248.33013671875,209.5936328125,90317.25,0.0015950687583008234,30.0,-11.162722,100000.0
99,e-,2,-275.1246875,11.410592041015626,90389.87,0.00664218595999723,30.0,-11.162722,100000.0
99,e+,3,-235.6481640625,-6.89190185546875,90338.76,0.006792741176979691,30.0,-11.162722,100000.0
99,e-,2,-222.22474609375,11.654921875,90303.59,0.004651049457226949,30.0,-11.162722,100000.0
99,e+,3,-439.9028125,-64.65794921875,90761.85,0.01919301464124208,30.0,-11.162722,100000.0
99,e-,2,-228.560234375,3.3635208129882814,90334.41,0.005655129559855826,30.0,-11.162722,100000.0
99,e+,3,-151.09859375,67.79947265625,90164.805,0.007968715162859913,30.0,-11.162722,100000.0
99,e-,2,-153.535166015625,66.418212890625,90173.625,0.01600568172838904,30.0,-11.162722,100000.0
99,e+,3,-232.4630859375,-22.03465087890625,90334.305,0.04038266477020823,30.0,-11.162722,100000.0
99,e-,2,-194.55787109375,-25.917734375,90300.43,0.013393786268385,30.0,-11.162722,100000.0
99,e-,2,-192.54416015625,29.67270751953125,90238.7,0.012424600902752962,30.0,-11.162722,100000.0
99,e-,2,-201.7777734375,42.8022900390625,90248.38,0.02237959425613271,30.0,-11.162722,100000.0
99,e-,2,-193.65474609375,9.133632202148437,90246.79,0.13565644178203182,30.0,-11.162722,100000.0
99,e+,3,-485.157265625,29.7782275390625,90794.76,0.008421472811989952,30.0,-11.162722,100000.0
99,e+,3,-250.0853125,32.32427734375,90363.4,0.0027607636533304157,30.0,-11.162722,100000.0
99,e+,3,-301.03400390625,402.5539453125,90366.555,0.0023507735101648444,30.0,-11.162722,100000.0
99,e+,3,-289.7876171875,137.689326171875,90357.36,0.2242299781094277,30.0,-11.162722,100000.0
99,e+,3,-241.2848828125,124.02484375,90278.805,0.06437083608316772,30.0,-11.162722,100000.0
99,e+,3,-249.8493359375,143.756123046875,90314.445,0.0032085666746156285,30.0,-11.162722,100000.0
99,e+,3,-266.21396484375,140.7756640625,90316.234,0.07013023343638682,30.0,-11.162722,100000.0
99,e-,2,-266.13427734375,136.34390625,90316.0,0.4523026423457792,30.0,-11.162722,100000.0
99,e-,2,-142.027724609375,-446.4239453125,90368.81,0.011115376923510119,30.0,-11.162722,100000.0
99,e-,2,1288.7890625,83.0519921875,89183.28,0.10883583370811466,30.0,-11.162722,100000.0
99,e+,3,2.6851422119140627,23.70039306640625,89904.05,0.004169090734620942,30.0,-11.162722,100000.0
99,e+,3,5.856860961914062,20.208223876953124,89895.56,0.06940179400908227,30.0,-11.162722,100000.0
99,e+,3,12.9359423828125,19.187320556640625,89899.51,0.003022446209480729,30.0,-11.162722,100000.0
99,e+,3,12.886578369140626,19.135135498046875,89899.69,0.009211957038101836,30.0,-11.162722,100000.0
99,e+,3,-26.610830078125,59.675615234375,89943.805,0.002108680480378516,30.0,-11.162722,100000.0
99,e+,3,-40.037890625,-152.95564453125,90107.82,0.0053359780465197645,30.0,-11.162722,100000.0
99,e-,2,50.0848388671875,-74.9881689453125,89867.58,0.0020406391768795396,30.0,-11.162722,100000.0
99,e+,3,55.9707373046875,-76.5760693359375,89848.18,0.01270382690836582,30.0,-11.162722,100000.0
99,e+,3,-29.08602294921875,28.1980126953125,89951.02,0.004490184773558843,30.0,-11.162722,100000.0
99,e-,2,-28.47008544921875,29.02857666015625,89948.96,0.03335471559667632,30.0,-11.162722,100000.0
99,e+,3,-27.07969482421875,27.9552685546875,89948.0,0.0408879152345329,30.0,-11.162722,100000.0
99,e-,2,-3.7049850463867187,19.445301513671875,89911.164,0.06682211971937346,30.0,-11.162722,100000.0
99,e+,3,-0.7933370971679687,8.242489013671875,89912.72,0.08168443478382469,30.0,-11.162722,100000.0
99,e+,3,24.52458984375,63.68513671875,89864.875,0.035480412693178094,30.0,-11.162722,100000.0
99,e+,3,206.146171875,-121.156884765625,89663.234,0.008270414904695118,30.0,-11.162722,100000.0
99,e-,2,177.3745703125,-91.84580078125,89672.234,0.058434143638300795,30.0,-11.162722,100000.0
99,e+,3,-247.69830078125,28.266826171875,90334.88,0.012408213101525165,30.0,-11.162722,100000.0
99,e+,3,-21.4033544921875,55.402939453125,89955.37,0.011707588363086156,30.0,-11.162722,100000.0
99,e-,2,-34.9671435546875,36.84966064453125,89957.21,0.17503075170722532,30.0,-11.162722,100000.0
99,e+,3,18.333662109375,82.991396484375,89880.88,0.004489660171045778,30.0,-11.162722,100000.0
99,e+,3,-17.00985107421875,10.820458984375,89937.06,0.05423983330575532,30.0,-11.162722,100000.0
99,e+,3,305.0925390625,360.5312890625,89435.89,0.0016296610420755574,30.0,-11.162722,100000.0
99,e+,3,-80.4965625,-16.891234130859374,90055.85,0.026652607087623844,30.0,-11.162722,100000.0
99,e+,3,-80.052275390625,-14.647081298828125,90066.875,0.034680140870406266,30.0,-11.162722,100000.0
99,e-,2,17.6200830078125,-44.8398876953125,89901.21,0.017899252380320634,30.0,-11.162722,100000.0
99,e+,3,4.190844116210937,-43.041572265625,89921.75,0.028609160239730105,30.0,-11.162722,100000.0
99,e-,2,19.910045166015625,14.540699462890625,89920.1,0.011966233880336977,30.0,-11.162722,100000.0
99,e-,2,95.50564453125,-35.0571875,89770.05,0.01861776669210659,30.0,-11.162722,100000.0
99,e+,3,106.401201171875,-47.9750390625,89763.41,0.012075537731814322,30.0,-11.162722,100000.0
99,e-,2,102.638037109375,-38.8440576171875,89763.28,0.013635122315128945,30.0,-11.162722,100000.0
99,e+,3,83.016552734375,-25.401455078125,89783.74,0.9504552911301287,30.0,-11.162722,100000.0
99,e+,3,175.03759765625,-139.426630859375,89716.62,0.006136278776217351,30.0,-11.162722,100000.0
99,e-,2,177.98765625,-135.306455078125,89704.56,0.05607368135035754,30.0,-11.162722,100000.0
99,e-,2,111.453212890625,20.67896240234375,89726.79,0.027278850148190873,30.0,-11.162722,100000.0
99,e+,3,-152.667255859375,221.75330078125,90156.305,0.013885393868065355,30.0,-11.162722,100000.0
99,e+,3,801.328984375,54.042900390625,88668.79,0.008281394058969766,30.0,-11.162722,100000.0
99,e+,3,776.42984375,50.8238525390625,88690.555,0.40780351172061985,30.0,-11.162722,100000.0
99,e+,3,406.4730859375,-539.0243359375,89488.63,0.03878570274109998,30.0,-11.162722,100000.0
99,e+,3,55.558759765625,9.429046630859375,89838.0,0.008647798405757636,30.0,-11.162722,100000.0
99,e-,2,41.15828125,6.560560913085937,89851.67,0.027935453416437814,30.0,-11.162722,100000.0
99,e+,3,-115.28673828125,-923.8140625,90967.51,0.005701277698375103,30.0,-11.162722,100000.0
99,e+,3,39.68478759765625,49.3418115234375,89843.19,0.008106610639200347,30.0,-11.162722,100000.0
99,e+,3,-2.2541122436523438,168.00396484375,89868.99,0.001449603517365376,30.0,-11.162722,100000.0
99,e-,2,5.272622680664062,170.2071875,89857.766,0.020028297474949785,30.0,-11.162722,100000.0
99,e-,2,-637.81375,-138.81931640625,91062.984,0.0566215154584014,30.0,-11.162722,100000.0
99,e+,3,-638.0220703125,-141.5676953125,91064.99,0.02699534512239782,30.0,-11.162722,100000.0
99,e-,2,-634.66734375,-144.140361328125,91057.68,0.15424036359455673,30.0,-11.162722,100000.0
99,e-,2,-636.6142578125,-143.506171875,91069.69,0.009805867610053597,30.0,-11.162722,100000.0
99,e+,3,-631.2498828125,-134.7613671875,91051.02,0.057076289119141296,30.0,-11.162722,100000.0
99,e+,3,-641.013515625,-147.285166015625,91070.92,0.14974122585485908,30.0,-11.162722,100000.0
99,e+,3,-235.5909375,-190.84765625,90456.055,0.00606732229316259,30.0,-11.162722,100000.0
99,e-,2,-235.62001953125,-192.19982421875,90455.75,0.01367142785813806,30.0,-11.162722,100000.0
99,e+,3,-293.14974609375,257.8113671875,90329.96,4.0633656426611955,30.0,-11.162722,100000.0
99,e+,3,1601.51890625,689.556640625,88014.016,0.0326965312209369,30.0,-11.162722,100000.0
99,e+,3,139.132578125,233.484296875,89627.46,0.013786777584409809,30.0,-11.162722,100000.0
99,e-,2,142.431083984375,233.7801953125,89621.01,0.0064891911460068395,30.0,-11.162722,100000.0
99,e+,3,273.3116796875,346.826953125,89396.92,0.2866284047091843,30.0,-11.162722,100000.0
99,e+,3,290.063515625,347.0976953125,89376.81,0.008675792548910795,30.0,-11.162722,100000.0
99,e+,3,-55.473525390625,-174.85935546875,90079.69,0.015169057860152192,30.0,-11.162722,100000.0
99,e+,3,-26.35159423828125,-124.0565625,90008.84,0.010088876091091277,30.0,-11.162722,100000.0
99,e-,2,-77.210615234375,-175.32048828125,90107.42,0.005735950422467338,30.0,-11.162722,100000.0
99,e+,3,-43.29041015625,-13.13535400390625,90010.6,0.017139820680169532,30.0,-11.162722,100000.0
99,e+,3,-63.6875634765625,-102.1165234375,90062.99,0.004757223861238247,30.0,-11.162722,100000.0
99,e-,2,-64.4405615234375,-98.145849609375,90052.586,0.026609491914608527,30.0,-11.162722,100000.0
99,e+,3,-66.560625,-100.94234375,90055.766,0.04262701340957666,30.0,-11.162722,100000.0
99,e-,2,-73.1775390625,-58.81642578125,90080.1,0.015562089861770304,30.0,-11.162722,100000.0
99,e-,2,-33.73976318359375,-94.146455078125,90006.84,0.03620910052660786,30.0,-11.162722,100000.0
99,e+,3,17.04564453125,-38.95710693359375,89935.68,0.027150388992297957,30.0,-11.162722,100000.0
99,e+,3,269.4136328125,-629.61296875,89765.4,0.07971315514518,30.0,-11.162722,100000.0
99,e+,3,-41.2962255859375,-27.31813232421875,89989.58,0.01675528780814181,30.0,-11.162722,100000.0
99,e-,2,-41.5176904296875,-28.37521484375,89990.445,0.026117458869115498,30.0,-11.162722,100000.0
99,e+,3,-42.0128173828125,-25.491982421875,89989.93,0.23102458432130535,30.0,-11.162722,100000.0
99,e+,3,-42.2944677734375,-63.2566650390625,90005.76,0.00522720482066857,30.0,-11.162722,100000.0
99,e-,2,-43.9582080078125,-61.789072265625,90006.54,0.012276562302264942,30.0,-11.162722,100000.0
99,e+,3,-4.521919250488281,-52.8577685546875,89954.12,0.0037011411712913737,30.0,-11.162722,100000.0
99,e-,2,0.17656068801879882,-57.15953125,89945.26,0.012823493059026064,30.0,-11.162722,100000.0
99,e-,2,-95.930556640625,-57.2468017578125,90092.87,0.08948245305590376,30.0,-11.162722,100000.0
99,e+,3,610.3201953125,137.02255859375,88961.93,0.017659251155990385,30.0,-11.162722,100000.0
99,e+,3,620.5788671875,136.0676171875,88949.125,0.04023291081797935,30.0,-11.162722,100000.0
99,e+,3,-74.1350244140625,161.0947265625,90011.56,0.002825871961230125,30.0,-11.162722,100000.0
99,e+,3,1542.7653125,126.97484375,88097.54,0.0065575720205324544,30.0,-11.162722,100000.0
99,e-,2,-37.9501904296875,749.095390625,89912.266,0.006788540110414482,30.0,-11.162722,100000.0
99,e+,3,794.192890625,-226.86208984375,88818.21,0.10234730791592936,30.0,-11.162722,100000.0
99,e-,2,794.236171875,-226.7704296875,88818.11,0.18300587659074713,30.0,-11.162722,100000.0
99,e+,3,786.03578125,-226.87640625,88834.07,0.003523776929499538,30.0,-11.162722,100000.0
99,e+,3,789.390703125,-233.8854296875,88830.2,0.024736574569394175,30.0,-11.162722,100000.0
99,e-,2,785.485078125,-225.54908203125,88831.46,0.0949225137644836,30.0,-11.162722,100000.0
99,e+,3,-659.19140625,-599.3684765625,91337.56,0.02814015210493204,30.0,-11.162722,100000.0
99,e+,3,-656.48421875,-633.5248828125,91348.305,0.023924431855359887,30.0,-11.162722,100000.0
99,e+,3,52.2602392578125,415.4403125,89736.16,0.005014305663060591,30.0,-11.162722,100000.0
99,e-,2,53.122939453125,415.162890625,89733.336,0.011783225635838898,30.0,-11.162722,100000.0
99,e+,3,56.852509765625,251.52185546875,89792.445,0.004790242419127685,30.0,-11.162722,100000.0
99,e-,2,52.936318359375,258.68298828125,89784.19,0.007990504035539471,30.0,-11.162722,100000.0
99,e-,2,-634.316328125,241.01671875,91107.42,0.1749013557360776,30.0,-11.162722,100000.0
99,e-,2,2648.323125,2583.7328125,87008.0,0.45348484414790785,30.0,-11.162722,100000.0
99,e-,2,-84.386728515625,199.61697265625,89998.375,0.158648354456458,30.0,-11.162722,100000.0
99,e+,3,346.281796875,378.6896484375,89398.55,0.0018942096735944638,30.0,-11.162722,100000.0
99,e-,2,344.9696484375,376.0340234375,89392.42,0.05514475599804959,30.0,-11.162722,100000.0
99,e+,3,319.37173828125,373.2781640625,89434.68,0.0723998981064333,30.0,-11.162722,100000.0
99,e+,3,1003.34171875,1339.27953125,89389.766,0.001570864507839798,30.0,-11.162722,100000.0
99,e-,2,876.05703125,215.2288671875,89049.086,0.021153054191695515,30.0,-11.162722,100000.0
99,e+,3,41.811845703125,107.011865234375,89831.21,0.01841848861180709,30.0,-11.162722,100000.0
99,e+,3,-992.080390625,1473.0153125,91863.766,0.09481026362664724,30.0,-11.162722,100000.0
99,e+,3,320.968984375,530.7424609375,89379.586,0.005459430420261311,30.0,-11.162722,100000.0
99,e+,3,162.969130859375,107.074658203125,89651.05,0.029789942165895544,30.0,-11.162722,100000.0
99,e+,3,-283.3821484375,-2.0615635681152344,90406.95,0.01178893789649087,30.0,-11.162722,100000.0
99,e+,3,-236.028046875,-158.15443359375,90389.414,0.004507608191091087,30.0,-11.162722,100000.0
99,e+,3,645.056328125,196.23599609375,89032.22,0.008260509929512957,30.0,-11.162722,100000.0
99,e-,2,147.90876953125,-151.107919921875,89733.65,0.005530589385745373,30.0,-11.162722,100000.0
99,e+,3,147.444482421875,-151.543828125,89732.35,0.07476132753142974,30.0,-11.162722,100000.0
99,e+,3,122.07044921875,-147.594541015625,89770.67,0.03811161474371133,30.0,-11.162722,100000.0
99,e+,3,-368.680078125,-466.819296875,90920.3,0.005780823144963389,30.0,-11.162722,100000.0
99,e+,3,333.404765625,-240.47015625,89537.62,0.014902300863742838,30.0,-11.162722,100000.0
99,e+,3,-258.7458203125,-382.14453125,90551.63,0.03355714478487576,30.0,-11.162722,100000.0
99,e+,3,-91.20615234375,95.99501953125,90059.055,0.0033874487942517242,30.0,-11.162722,100000.0
99,e+,3,-19.78293701171875,9.371403198242188,89992.66,0.0016596954423271498,30.0,-11.162722,100000.0
99,e-,2,-42.873173828125,12.366971435546875,90018.89,0.00794514762673142,30.0,-11.162722,100000.0
99,e-,2,378.0655859375,-172.317109375,89429.0,0.003968159204459595,30.0,-11.162722,100000.0
99,e+,3,371.456796875,-177.00236328125,89432.36,0.007456145629494561,30.0,-11.162722,100000.0
99,e+,3,-1056.00578125,-1365.24546875,92387.1,1.005241601229652,30.0,-11.162722,100000.0
99,e-,2,306.36466796875,872.53828125,89217.555,0.0037399681859658974,30.0,-11.162722,100000.0
99,e+,3,282.43359375,884.99984375,89242.92,0.4099493222164377,30.0,-11.162722,100000.0
99,e+,3,294.17900390625,888.22296875,89232.25,0.010074762090769905,30.0,-11.162722,100000.0
99,e-,2,283.31025390625,877.7515625,89243.99,0.04087133322611634,30.0,-11.162722,100000.0
99,e+,3,288.2687890625,885.20875,89233.36,0.5040653356231253,30.0,-11.162722,100000.0
99,e+,3,156.075712890625,-110.471123046875,89746.43,0.003337497619817381,30.0,-11.162722,100000.0
99,e+,3,-37.041982421875,235.49376953125,89934.4,0.002179491073615008,30.0,-11.162722,100000.0
99,e+,3,-36.4331494140625,235.5489453125,89932.69,0.03157733723585345,30.0,-11.162722,100000.0
99,e+,3,-52.136015625,18.7560302734375,90006.69,0.016914894515542185,30.0,-11.162722,100000.0
99,e-,2,-68.9255615234375,51.4586474609375,90014.336,0.005792042222950936,30.0,-11.162722,100000.0
99,e-,2,115.441435546875,-116.453427734375,89794.07,0.007678081158888746,30.0,-11.162722,100000.0
99,e-,2,-94.1028515625,143.3611328125,90047.734,0.022186595582784376,30.0,-11.162722,100000.0
99,e+,3,44.7688916015625,-110.0243359375,89895.97,0.0033833637932196687,30.0,-11.162722,100000.0
99,e+,3,-1.3903240966796875,-9.607161254882813,89916.15,0.04892889410357587,30.0,-11.162722,100000.0
99,e-,2,-2.6701956176757813,-11.45305419921875,89918.695,0.0770877911990819,30.0,-11.162722,100000.0
99,e-,2,-15.813614501953126,-47.582529296875,89959.64,0.038722927224413235,30.0,-11.162722,100000.0
99,e-,2,-0.6785254669189453,4.496774597167969,89912.06,0.027641748367470423,30.0,-11.162722,100000.0
99,e+,3,21.21833740234375,1.3029371643066405,89892.586,0.005440987380072758,30.0,-11.162722,100000.0
99,e-,2,4.897471008300781,1.2676766967773438,89902.44,0.06095817061075283,30.0,-11.162722,100000.0
99,e+,3,7.664300537109375,-0.40039260864257814,89898.05,0.48369723413045784,30.0,-11.162722,100000.0
99,e-,2,-246.3869921875,-66.3227783203125,90354.09,0.006315326750370283,30.0,-11.162722,100000.0
99,e+,3,-249.9768359375,-73.699482421875,90356.03,0.05623011871029098,30.0,-11.162722,100000.0
99,e+,3,-373.9530859375,1224.768125,90460.46,0.12450744388380916,30.0,-11.162722,100000.0
99,e-,2,37.12965576171875,86.028134765625,89825.35,0.025903391835432048,30.0,-11.162722,100000.0
99,e+,3,-152.0438671875,201.0825390625,90108.555,0.082164186145456,30.0,-11.162722,100000.0
99,e+,3,134.81822265625,-240.45783203125,89818.26,0.01478577457462806,30.0,-11.162722,100000.0
99,e-,2,-8.066402587890625,-30.10893310546875,89938.234,0.05476158050785212,30.0,-11.162722,100000.0
99,e+,3,-18.33977783203125,-21.77323486328125,89965.31,0.008517108368566723,30.0,-11.162722,100000.0
99,e+,3,38.12258056640625,29.62171630859375,89846.99,0.005734834584172335,30.0,-11.162722,100000.0
99,e-,2,-34.6831396484375,-26.33941650390625,89982.96,0.005781571078568341,30.0,-11.162722,100000.0
99,e+,3,-34.61674560546875,7.920025634765625,89974.66,0.00323966887286242,30.0,-11.162722,100000.0
99,e-,2,6.41814697265625,12.86713623046875,89899.28,0.03571671853739158,30.0,-11.162722,100000.0
99,e+,3,-10.798792724609376,20.262154541015626,89924.83,0.09023129768315749,30.0,-11.162722,100000.0
99,e+,3,129.33345703125,18.665728759765624,89729.13,0.004213041770037008,30.0,-11.162722,100000.0
99,e-,2,12.5145751953125,0.258260440826416,89890.75,0.04990800392538852,30.0,-11.162722,100000.0
99,e-,2,53.604345703125,32.97952880859375,89813.305,0.06335721108668003,30.0,-11.162722,100000.0
99,e+,3,22.12890380859375,572.5619140625,89827.234,0.08062071153306424,30.0,-11.162722,100000.0
99,e+,3,-351.58875,764.180390625,90605.53,0.006675213864824696,30.0,-11.162722,100000.0
99,e-,2,-350.4650390625,762.468359375,90600.85,0.019670035294786902,30.0,-11.162722,100000.0
99,e-,2,52.433046875,-6.049745483398437,89838.2,0.030207541665454134,30.0,-11.162722,100000.0
99,e-,2,-29.62012451171875,-3.2843252563476564,89996.42,0.01195521552249388,30.0,-11.162722,100000.0
99,e+,3,-26.18012451171875,6.184872436523437,89951.77,0.11281731331929702,30.0,-11.162722,100000.0
99,e-,2,-25.16025634765625,6.271443481445313,89950.05,0.13992415344728243,30.0,-11.162722,100000.0
99,e+,3,18.84493408203125,39.6876708984375,89873.73,0.011310272639435457,30.0,-11.162722,100000.0
99,e-,2,13.686827392578126,38.553994140625,89879.37,0.03188828463482718,30.0,-11.162722,100000.0
99,e+,3,10.232588500976563,-75.0807275390625,89924.52,0.01701674053188653,30.0,-11.162722,100000.0
99,e+,3,467.113125,419.26109375,89144.164,0.05286717890768409,30.0,-11.162722,100000.0
99,e+,3,190.54560546875,-108.66470703125,89658.88,0.033690332444348096,30.0,-11.162722,100000.0
99,e-,2,27.3738671875,-110.57802734375,89915.78,0.05248971696548816,30.0,-11.162722,100000.0
99,e+,3,240.10333984375,-33.25525390625,89618.61,0.0022287951426450394,30.0,-11.162722,100000.0
99,e+,3,78.03775390625,79.3064306640625,89769.03,0.0015475356450730888,30.0,-11.162722,100000.0
99,e-,2,83.257431640625,-140.815087890625,89865.61,0.004502117958690034,30.0,-11.162722,100000.0
99,e+,3,-224.96154296875,-789.74921875,90916.84,0.015618388919634288,30.0,-11.162722,100000.0
99,e-,2,43.37201171875,-19.356546630859373,89858.54,0.0035717252370635433,30.0,-11.162722,100000.0
99,e+,3,38.932138671875,-21.614619140625,89857.125,0.015337530435400893,30.0,-11.162722,100000.0
99,e+,3,-215.8810546875,42.5955322265625,90352.445,0.0026611808012430745,30.0,-11.162722,100000.0
99,e-,2,19.71901123046875,99.329375,89857.64,0.006488571540070416,30.0,-11.162722,100000.0
99,e+,3,16.620113525390625,110.41212890625,89881.43,0.0018816586596591104,30.0,-11.162722,100000.0
99,e-,2,-7.142073974609375,-37.040439453125,89949.24,0.009571230503055255,30.0,-11.162722,100000.0
99,e+,3,692.5246875,12.348287353515625,89090.65,0.004949331090925759,30.0,-11.162722,100000.0
99,e+,3,41.4148095703125,109.570068359375,89813.54,0.07724465364590269,30.0,-11.162722,100000.0
99,e+,3,-674.68234375,-921.748828125,91602.63,0.004994062335946505,30.0,-11.162722,100000.0
99,e-,2,-672.148984375,-923.54359375,91595.58,0.018139570711762212,30.0,-11.162722,100000.0
99,e+,3,-702.681015625,-920.30203125,91679.336,0.0015723179170154277,30.0,-11.162722,100000.0
99,e+,3,-671.365625,-923.055390625,91593.766,0.3044797631141372,30.0,-11.162722,100000.0
99,e-,2,157.94830078125,-67.3599853515625,89681.484,0.02505686618068918,30.0,-11.162722,100000.0
99,e+,3,159.89515625,-67.030888671875,89677.98,0.09533393492528752,30.0,-11.162722,100000.0
99,e-,2,-742.79453125,-58.822578125,91263.44,0.53732093127154,30.0,-11.162722,100000.0
99,e+,3,-139.770361328125,-135.845732421875,90198.48,0.05061351441303549,30.0,-11.162722,100000.0
99,e+,3,-133.220185546875,-152.036875,90188.23,0.021782011266425053,30.0,-11.162722,100000.0
99,e-,2,-127.545732421875,-147.17453125,90177.41,0.18462244914803122,30.0,-11.162722,100000.0
99,e+,3,-134.4131640625,-150.24939453125,90189.57,0.5549353266205346,30.0,-11.162722,100000.0
99,e-,2,-134.999931640625,-151.176552734375,90190.84,0.44060566188229533,30.0,-11.162722,100000.0
99,e+,3,-135.048046875,-151.352421875,90190.98,2.4827982822663217,30.0,-11.162722,100000.0
99,e-,2,-297.81107421875,-767.41109375,90897.68,0.023653484144169994,30.0,-11.162722,100000.0
99,e+,3,-389.3218359375,170.999375,90621.96,0.04819923716660624,30.0,-11.162722,100000.0
99,e+,3,84.461435546875,-12.399671630859375,89844.7,0.026259942796275304,30.0,-11.162722,100000.0
99,e+,3,-0.9236981201171875,-16.210396728515626,89968.57,0.024836732826353965,30.0,-11.162722,100000.0
99,e-,2,-10.525118408203125,-25.28167236328125,89994.03,0.0122098183489633,30.0,-11.162722,100000.0
99,e-,2,8.785844116210937,-35.0714208984375,89966.125,0.05032035562248078,30.0,-11.162722,100000.0
99,e-,2,-21.97531494140625,-61.6647607421875,90033.69,0.028682847662422396,30.0,-11.162722,100000.0
99,e-,2,-32.05281494140625,-103.953095703125,90091.984,0.008496122114489376,30.0,-11.162722,100000.0
99,e-,2,-19.8674365234375,-51.5292626953125,90021.42,0.13242768237659971,30.0,-11.162722,100000.0
99,e-,2,218.200546875,224.21884765625,89531.62,0.009330878457554538,30.0,-11.162722,100000.0
99,e+,3,196.11892578125,224.0159375,89565.13,0.009580123763449548,30.0,-11.162722,100000.0
99,e-,2,-263.57009765625,-68.2335595703125,90394.836,0.008117866357428343,30.0,-11.162722,100000.0
99,e-,2,-282.02736328125,-69.6018603515625,90411.79,0.21898448808381968,30.0,-11.162722,100000.0
99,e-,2,241.170078125,137.17638671875,89857.85,0.01986116671852828,30.0,-11.162722,100000.0
99,e+,3,933.014296875,-891.816015625,89098.25,0.006701261786356795,30.0,-11.162722,100000.0
99,e-,2,495.4313671875,-280.28638671875,89293.33,0.022702137398524478,30.0,-11.162722,100000.0
99,e+,3,495.90390625,-283.56947265625,89294.61,0.031207030348749352,30.0,-11.162722,100000.0
99,e+,3,-416.349375,145.358359375,90586.44,3.159466471542941,30.0,-11.162722,100000.0
99,e+,3,63.1700537109375,63.88396484375,89792.47,0.06195717513632505,30.0,-11.162722,100000.0
99,e+,3,42.911650390625,43.146181640625,89831.05,0.041001310717747784,30.0,-11.162722,100000.0
99,e-,2,35.2986767578125,48.2518115234375,89839.945,0.6438011410567865,30.0,-11.162722,100000.0
99,e-,2,32.23549072265625,46.164248046875,89845.51,0.010748048488704032,30.0,-11.162722,100000.0
99,e+,3,32.25086669921875,46.1391064453125,89845.42,0.07387454808695117,30.0,-11.162722,100000.0
99,e-,2,48.17169921875,55.662431640625,89819.35,0.13101754769685786,30.0,-11.162722,100000.0
99,e+,3,-110.03814453125,-2.269306640625,90104.06,0.011073792743554607,30.0,-11.162722,100000.0
99,e-,2,-115.2634375,-2.972589111328125,90110.62,0.013134179214091704,30.0,-11.162722,100000.0
99,e+,3,-107.88875,-41.7591015625,90107.36,0.11163559491119088,30.0,-11.162722,100000.0
99,e+,3,72.92296875,-163.22041015625,89857.64,0.008411883581658404,30.0,-11.162722,100000.0
99,e+,3,70.6427685546875,-163.100283203125,89860.125,0.22735466366350301,30.0,-11.162722,100000.0
99,e-,2,114.09625,-38.3867431640625,89750.46,0.043375064102715806,30.0,-11.162722,100000.0
99,e+,3,97.46541015625,-90.18533203125,89795.58,0.007398694548840704,30.0,-11.162722,100000.0
99,e+,3,92.781162109375,-104.1951953125,89812.07,0.014663794762000372,30.0,-11.162722,100000.0
99,e+,3,83.513544921875,-79.779443359375,89808.414,0.9635784704945217,30.0,-11.162722,100000.0
99,e+,3,-66.7327783203125,-207.72302734375,90133.68,0.4923407066482111,30.0,-11.162722,100000.0
99,e-,2,-67.5923681640625,-208.8660546875,90136.03,1.58719455814277,30.0,-11.162722,100000.0
99,e+,3,-44.608466796875,-90.155126953125,90036.49,0.0027218429136844,30.0,-11.162722,100000.0
99,e+,3,11.37990966796875,-9.018601684570312,89903.96,0.01091350009520851,30.0,-11.162722,100000.0
99,e-,2,-1.8799884033203125,-13.549276123046875,89918.586,0.11786114312379034,30.0,-11.162722,100000.0
99,e+,3,0.4966436767578125,-13.05146484375,89914.99,0.08027081196413566,30.0,-11.162722,100000.0
99,e-,2,35.4225634765625,-24.466103515625,89865.84,0.044846471926058604,30.0,-11.162722,100000.0
99,e-,2,49.4095751953125,-24.6975537109375,89844.62,0.05682192589405955,30.0,-11.162722,100000.0
99,e+,3,26.82568115234375,-28.4388427734375,89882.016,0.046540823311018456,30.0,-11.162722,100000.0
99,e-,2,52.6997216796875,-20.9749609375,89838.12,0.07007116256553018,30.0,-11.162722,100000.0
99,e+,3,55.2427978515625,-3.544732971191406,89826.37,0.17355820501316555,30.0,-11.162722,100000.0
99,e+,3,43.421953125,33.67729736328125,89840.72,0.02507643341648859,30.0,-11.162722,100000.0
99,e-,2,88.24501953125,27.9147900390625,89795.336,0.015178901349236112,30.0,-11.162722,100000.0
99,e-,2,21.1045068359375,-43.4177978515625,89898.77,0.039444567780359756,30.0,-11.162722,100000.0
99,e-,2,62.2159130859375,-39.04852783203125,89836.35,0.06268990869701452,30.0,-11.162722,100000.0
99,e-,2,-422.45671875,100.85494140625,90631.97,0.005535699007409828,30.0,-11.162722,100000.0
99,e+,3,-425.496328125,100.4240234375,90635.36,0.03046088761933448,30.0,-11.162722,100000.0
99,e-,2,687.33640625,1029.027109375,89753.27,0.008243099155996424,30.0,-11.162722,100000.0
99,e-,2,1724.3709375,69.9436376953125,88496.11,0.23604228779583034,30.0,-11.162722,100000.0
99,e+,3,1746.58109375,48.566005859375,88505.91,0.02766249588272945,30.0,-11.162722,100000.0
99,e+,3,1751.30640625,47.40720703125,88506.79,0.04825874977692,30.0,-11.162722,100000.0
99,e+,3,1746.5403125,52.3352734375,88516.41,0.0027603274017045667,30.0,-11.162722,100000.0
99,e+,3,1745.40109375,46.9677978515625,88506.7,0.09327084598049613,30.0,-11.162722,100000.0
99,e-,2,1753.906875,69.31919921875,88501.14,0.021762548243776138,30.0,-11.162722,100000.0
99,e+,3,1753.90875,69.2226025390625,88501.11,0.03382860250524567,30.0,-11.162722,100000.0
99,e-,2,1755.50890625,72.8669482421875,88501.9,0.058822926036154945,30.0,-11.162722,100000.0
99,e+,3,-720.959140625,153.807431640625,91244.85,0.02803541537807484,30.0,-11.162722,100000.0
99,e+,3,-812.189375,107.809384765625,91448.85,0.008170668940108369,30.0,-11.162722,100000.0
99,e-,2,19.9487890625,-4.933994140625,89880.28,0.881006192191461,30.0,-11.162722,100000.0
99,e-,2,42.175947265625,-3.61484619140625,89850.94,0.03497579215569154,30.0,-11.162722,100000.0
99,e+,3,21.25821533203125,-2.1190492248535158,89877.49,0.0797431024245027,30.0,-11.162722,100000.0
99,e+,3,23.94460205078125,-4.074994201660156,89873.51,1.0221595821158602,30.0,-11.162722,100000.0
99,e+,3,25.09933837890625,-4.363042297363282,89871.945,0.15506729473206804,30.0,-11.162722,100000.0
99,e-,2,92.319521484375,-53.242119140625,89853.84,0.002461881856324686,30.0,-11.162722,100000.0
99,e+,3,25.32194580078125,-1.8561605834960937,89871.74,0.04875847002223898,30.0,-11.162722,100000.0
99,e-,2,30.29421630859375,-8.168528442382813,89865.33,0.07955892300909896,30.0,-11.162722,100000.0
99,e-,2,35.4624853515625,-4.176196899414062,89857.53,0.02884822959879705,30.0,-11.162722,100000.0
99,e-,2,30.6780419921875,-6.668032836914063,89864.46,0.027243890959308566,30.0,-11.162722,100000.0
99,e+,3,27.37645751953125,-7.341414794921875,89869.6,0.05178356378721399,30.0,-11.162722,100000.0
99,e+,3,21.73909912109375,-6.494144287109375,89877.88,0.060762572349320816,30.0,-11.162722,100000.0
99,e-,2,21.80091796875,-5.124705810546875,89877.3,3.159576206116885,30.0,-11.162722,100000.0
99,e-,2,-59.0865478515625,-66.0937939453125,90032.086,0.06444851977670076,30.0,-11.162722,100000.0
99,e+,3,-60.8262158203125,-67.7390087890625,90035.49,0.112289162035337,30.0,-11.162722,100000.0
99,e-,2,-48.67142578125,-8.753945922851562,90009.68,0.009064564645191252,30.0,-11.162722,100000.0
99,e+,3,-49.25564453125,-22.5702685546875,90002.03,0.17148142470864203,30.0,-11.162722,100000.0
99,e+,3,144.865556640625,42.4076904296875,89674.586,0.0026091485943640505,30.0,-11.162722,100000.0
99,e+,3,144.538603515625,39.93572509765625,89671.484,0.0693401677476766,30.0,-11.162722,100000.0
99,e-,2,141.976943359375,41.306201171875,89674.7,0.11180114855401371,30.0,-11.162722,100000.0
99,e+,3,141.871552734375,40.77814453125,89674.94,1.053529974325947,30.0,-11.162722,100000.0
99,e-,2,140.921669921875,40.69870849609375,89676.44,0.13739997375290103,30.0,-11.162722,100000.0
99,e+,3,140.80427734375,40.00319091796875,89676.766,0.5893949448579957,30.0,-11.162722,100000.0
99,e+,3,141.138759765625,40.43624755859375,89676.15,0.21023077045706356,30.0,-11.162722,100000.0
99,e-,2,140.975263671875,40.496650390625,89676.375,0.23253594916074283,30.0,-11.162722,100000.0
99,e+,3,137.5462890625,42.9927392578125,89685.41,0.004792464875787402,30.0,-11.162722,100000.0
99,e-,2,139.887275390625,38.66645751953125,89678.59,0.5224195859879688,30.0,-11.162722,100000.0
99,e+,3,421.15390625,-466.8562109375,90513.555,0.014313100491491607,30.0,-11.162722,100000.0
99,e+,3,420.48890625,-470.4411328125,90517.81,0.22332549597248644,30.0,-11.162722,100000.0
99,e-,2,-21.1397265625,406.9850390625,89907.64,0.026517721640959897,30.0,-11.162722,100000.0
99,e+,3,-16.891434326171876,408.95734375,89898.31,0.09209877892683589,30.0,-11.162722,100000.0
99,e+,3,-16.997838134765626,408.8818359375,89898.48,0.18055708105823423,30.0,-11.162722,100000.0
99,e-,2,-16.93217529296875,408.8880859375,89898.37,0.2687093322911959,30.0,-11.162722,100000.0
99,e+,3,-321.06162109375,729.530703125,90587.59,0.005206522333783763,30.0,-11.162722,100000.0
99,e-,2,-675.837109375,-935.674765625,94032.055,0.13369885255965333,30.0,-11.162722,100000.0
99,e+,3,1472.85515625,670.98875,88547.66,0.014555779985038961,30.0,-11.162722,100000.0
99,e+,3,-520.021484375,-1787.5696875,92714.0,0.02043161783195899,30.0,-11.162722,100000.0
99,e-,2,-44.7536474609375,-146.951513671875,90059.234,0.0038152637010219837,30.0,-11.162722,100000.0
99,e-,2,-65.95283203125,-115.672138671875,90064.43,0.02031379196191476,30.0,-11.162722,100000.0
99,e+,3,-37.633779296875,-116.28826171875,90022.15,0.023992943185222004,30.0,-11.162722,100000.0
99,e+,3,-73.30146484375,-106.739677734375,90082.36,0.006805425461471411,30.0,-11.162722,100000.0
99,e+,3,39.65930908203125,-127.19474609375,89895.51,0.024072698060006247,30.0,-11.162722,100000.0
99,e-,2,68.9893212890625,-41.74990234375,89828.95,0.02818096502590229,30.0,-11.162722,100000.0
99,e-,2,-18.140853271484374,-100.69037109375,89978.73,0.053659206357429205,30.0,-11.162722,100000.0
99,e+,3,-17.205657958984375,-100.680419921875,89976.96,0.17029201690093163,30.0,-11.162722,100000.0
99,e+,3,-135.77142578125,-60.3413427734375,90256.35,0.0016291017826174244,30.0,-11.162722,100000.0
99,e+,3,-42.205498046875,-96.70126953125,90039.195,0.009501264410924947,30.0,-11.162722,100000.0
99,e-,2,56.5172021484375,-106.599453125,89863.984,0.007784170389859379,30.0,-11.162722,100000.0
99,e+,3,63.70185546875,-112.97845703125,89852.14,0.017225906611883193,30.0,-11.162722,100000.0
99,e-,2,14.0261083984375,-150.951337890625,89953.734,0.00451579790889947,30.0,-11.162722,100000.0
99,e+,3,18.64642578125,-149.72751953125,89942.07,0.02769372264374369,30.0,-11.162722,100000.0
99,e+,3,24.82183349609375,-98.959296875,89905.57,0.21291750292537492,30.0,-11.162722,100000.0
99,e-,2,24.789072265625,-99.311884765625,89905.74,0.9549874123713267,30.0,-11.162722,100000.0
99,e-,2,35.92904052734375,-128.72521484375,89925.15,0.005004254757404746,30.0,-11.162722,100000.0
99,e-,2,69.0217724609375,-95.80896484375,89848.69,0.005499071878535106,30.0,-11.162722,100000.0
99,e+,3,52.7653076171875,-89.593916015625,89866.18,0.00920363136233859,30.0,-11.162722,100000.0
99,e+,3,-11.730361328125,-105.015615234375,89972.734,0.11628859698411935,30.0,-11.162722,100000.0
99,e+,3,32.77306884765625,-107.528779296875,89896.734,0.09605936223269645,30.0,-11.162722,100000.0
99,e-,2,26.1303955078125,-108.994091796875,89907.5,0.4643168377124119,30.0,-11.162722,100000.0
99,e+,3,26.48379150390625,-109.006767578125,89906.94,0.5763287375626482,30.0,-11.162722,100000.0
99,e+,3,68.96646484375,14.589432373046876,89797.36,0.060083562410679595,30.0,-11.162722,100000.0
99,e+,3,-89.34046875,191.25388671875,90088.305,0.011046531084134758,30.0,-11.162722,100000.0
99,e+,3,37.0906103515625,34.23837646484375,89845.945,0.004998455259624821,30.0,-11.162722,100000.0
99,e-,2,-1.064185256958008,25.93818603515625,89906.64,0.006241869964611474,30.0,-11.162722,100000.0
99,e+,3,-1.0637575531005858,25.9897998046875,89906.414,0.04671064594869431,30.0,-11.162722,100000.0
99,e+,3,-64.4720556640625,-54.2998876953125,90038.26,0.01395699808186322,30.0,-11.162722,100000.0
99,e-,2,-39.5812109375,-1.4978355407714843,89996.086,0.004413647744162784,30.0,-11.162722,100000.0
99,e+,3,-68.4260986328125,-11.3012939453125,90033.15,0.04614222202652106,30.0,-11.162722,100000.0
99,e-,2,59.6259814453125,-207.14921875,89982.766,0.0027034344534751344,30.0,-11.162722,100000.0
99,e+,3,-24.82549560546875,-35.60970458984375,89966.76,0.0080389622411479,30.0,-11.162722,100000.0
99,e-,2,-27.33902099609375,-29.575546875,89965.945,0.04023115892924982,30.0,-11.162722,100000.0
99,e+,3,-24.5655859375,-23.726806640625,89960.23,0.05266643001790911,30.0,-11.162722,100000.0
99,e+,3,-209.46498046875,-363.7859765625,90810.99,0.0017582292189576038,30.0,-11.162722,100000.0
99,e+,3,206.06685546875,187.731484375,89568.75,0.012763477410094306,30.0,-11.162722,100000.0
99,e+,3,11.596719970703125,422.9363671875,89919.59,0.004195953392825829,30.0,-11.162722,100000.0
99,e+,3,207.28986328125,-1.0942276000976563,89608.875,0.0040421748150454824,30.0,-11.162722,100000.0
99,e+,3,-43.806025390625,254.72265625,89972.62,0.31331948115286967,30.0,-11.162722,100000.0
99,e+,3,136.302548828125,-170.75978515625,89760.81,0.006106949710975663,30.0,-11.162722,100000.0
99,e+,3,16.857099609375,20.399083251953126,89878.02,0.0039970917107249706,30.0,-11.162722,100000.0
99,e+,3,76.533974609375,-33.41802001953125,89832.41,0.019627987883419157,30.0,-11.162722,100000.0
99,e+,3,-74.6661474609375,221.586328125,90202.41,0.003714858152842517,30.0,-11.162722,100000.0
99,e-,2,-13.334581298828125,44.0032666015625,89926.61,0.00867140028373618,30.0,-11.162722,100000.0
99,e+,3,-10.680201416015626,37.07627685546875,89918.805,0.032708523147967225,30.0,-11.162722,100000.0
99,e-,2,22.25786865234375,-224.5840234375,89997.74,0.009238068785532155,30.0,-11.162722,100000.0
99,e+,3,24.408544921875,-224.24408203125,89993.63,0.01221615352107609,30.0,-11.162722,100000.0
99,e+,3,66.890009765625,-8.511846923828125,89814.98,0.006781652910159822,30.0,-11.162722,100000.0
99,e+,3,-69.211435546875,41.8676318359375,90030.016,0.010366499407237564,30.0,-11.162722,100000.0
99,e-,2,77.4369091796875,76.7623828125,89773.77,0.017408878398259654,30.0,-11.162722,100000.0
99,e+,3,77.4212158203125,76.7011962890625,89773.805,0.022989197152064704,30.0,-11.162722,100000.0
99,e+,3,316.66845703125,763.472734375,89252.61,0.4566789713585108,30.0,-11.162722,100000.0
99,e-,2,136.033125,-82.247431640625,89731.63,0.01719504448167692,30.0,-11.162722,100000.0
99,e+,3,-1131.57171875,-1533.52859375,92752.87,0.2342857911350006,30.0,-11.162722,100000.0
99,e+,3,-65.2390087890625,-17.158673095703126,90078.31,0.0020310182422294846,30.0,-11.162722,100000.0
99,e+,3,-204.1290234375,4.447644348144531,90295.41,0.005785198201242537,30.0,-11.162722,100000.0
99,e-,2,173.53919921875,332.0525390625,90045.8,0.014563134581756433,30.0,-11.162722,100000.0
99,e-,2,-8.098029174804687,53.838369140625,89922.65,0.027644535649590622,30.0,-11.162722,100000.0
99,e+,3,-21.566982421875,68.91703125,89935.984,0.021843020133043938,30.0,-11.162722,100000.0
99,e+,3,-41.593212890625,59.9699853515625,89971.82,0.020026455415552594,30.0,-11.162722,100000.0
99,e-,2,-338.5438671875,9.212822265625,90504.97,0.08172725255933426,30.0,-11.162722,100000.0
99,e+,3,-315.14177734375,2.117734832763672,90478.78,0.011745944827225486,30.0,-11.162722,100000.0
99,e+,3,-2093.68328125,584.3725,94327.766,0.003940143471229251,30.0,-11.162722,100000.0
99,e+,3,103.4052734375,40.48095947265625,89756.945,0.001436209029385254,30.0,-11.162722,100000.0
99,e+,3,693.994453125,-560.6547265625,89371.516,0.0014301762741091505,30.0,-11.162722,100000.0
99,e+,3,-971.34921875,-958.552421875,92243.61,0.023486586113377624,30.0,-11.162722,100000.0
99,e-,2,-990.60875,-952.051328125,92276.07,0.15183381561190154,30.0,-11.162722,100000.0
99,e+,3,278.585,15.25776611328125,89548.18,0.006238498087317863,30.0,-11.162722,100000.0
99,e+,3,-213.08984375,-43.2348046875,90291.945,0.01677721808523436,30.0,-11.162722,100000.0
99,e-,2,18.6184716796875,-60.328076171875,89922.23,0.004017069733760043,30.0,-11.162722,100000.0
99,e-,2,-11.290245361328125,122.548134765625,89910.24,0.008694434601478422,30.0,-11.162722,100000.0
99,e+,3,19.210001220703123,59.0183056640625,89864.74,0.014875936395690811,30.0,-11.162722,100000.0
99,e-,2,17.087529296875,63.3408349609375,89866.37,0.019073492045118063,30.0,-11.162722,100000.0
99,e+,3,31.84187255859375,23.11416015625,89897.45,0.01582290574063281,30.0,-11.162722,100000.0
99,e-,2,381.4387890625,-30.116611328125,89393.72,0.022328896458519397,30.0,-11.162722,100000.0
99,e+,3,26.94154296875,-35.19490478515625,89886.93,0.01075797855440846,30.0,-11.162722,100000.0
99,e-,2,26.19380615234375,-34.5308447265625,89887.31,0.018303137846793518,30.0,-11.162722,100000.0
99,e+,3,28.17997314453125,117.07900390625,89849.65,0.014045597704776557,30.0,-11.162722,100000.0
99,e+,3,118.23349609375,7.665347900390625,89734.18,0.006348028868908089,30.0,-11.162722,100000.0
99,e-,2,363.8046484375,-329.7243359375,89615.375,0.00970730713552959,30.0,-11.162722,100000.0
99,e+,3,801.771640625,748.75796875,88714.73,0.07763228104342455,30.0,-11.162722,100000.0
99,e-,2,802.2565625,749.709296875,88714.266,0.07687925311464094,30.0,-11.162722,100000.0
99,e+,3,-179.67091796875,0.6313776397705078,90214.28,0.08348951853460951,30.0,-11.162722,100000.0
99,e+,3,118.55490234375,149.528466796875,89740.45,0.00239271833436689,30.0,-11.162722,100000.0
99,e+,3,119.889287109375,151.6777734375,89736.52,0.0031881731064097286,30.0,-11.162722,100000.0
99,e+,3,1342.23359375,-74.0058056640625,88366.99,0.009761874031384198,30.0,-11.162722,100000.0
99,e+,3,-9.70416748046875,17.75378173828125,89933.375,0.014995049457326213,30.0,-11.162722,100000.0
99,e+,3,-14.577647705078125,17.71766357421875,89941.875,0.0043099724315673734,30.0,-11.162722,100000.0
99,e-,2,1099.431953125,769.907890625,88275.67,0.11936536183802937,30.0,-11.162722,100000.0
99,e+,3,18.40530029296875,382.21109375,89787.08,0.38110358467283934,30.0,-11.162722,100000.0
